date,ibov
1999-12-30,17091.0
2000-01-03,16930.0
2000-01-04,15851.0
2000-01-05,16245.0
2000-01-06,16106.0
2000-01-07,16309.0
2000-01-10,17022.0
2000-01-11,16572.0
2000-01-12,16616.0
2000-01-13,17298.0
2000-01-14,17657.0
2000-01-17,18053.0
2000-01-18,17903.0
2000-01-19,17470.0
2000-01-20,17176.0
2000-01-21,17034.0
2000-01-24,16971.0
2000-01-26,17105.0
2000-01-27,17081.0
2000-01-28,16734.0
2000-01-31,16388.0
2000-02-01,16522.0
2000-02-02,16868.0
2000-02-03,17457.0
2000-02-04,17932.0
2000-02-07,18125.0
2000-02-08,18685.0
2000-02-09,18361.0
2000-02-10,18603.0
2000-02-11,18083.0
2000-02-14,17819.0
2000-02-15,17920.0
2000-02-16,18112.0
2000-02-17,17979.0
2000-02-18,17625.0
2000-02-21,17699.0
2000-02-22,17489.0
2000-02-23,17833.0
2000-02-24,17775.0
2000-02-25,17786.0
2000-02-28,17542.0
2000-02-29,17660.0
2000-03-01,17953.0
2000-03-02,18015.0
2000-03-03,18631.0
2000-03-08,18282.0
2000-03-09,18650.0
2000-03-10,18280.0
2000-03-13,17594.0
2000-03-14,17221.0
2000-03-15,17381.0
2000-03-16,17642.0
2000-03-17,17511.0
2000-03-20,17525.0
2000-03-21,18342.0
2000-03-22,18314.0
2000-03-23,18331.0
2000-03-24,18674.0
2000-03-27,18951.0
2000-03-28,18337.0
2000-03-29,18053.0
2000-03-30,17646.0
2000-03-31,17820.0
2000-04-03,17245.0
2000-04-04,16757.0
2000-04-05,16714.0
2000-04-06,17146.0
2000-04-07,17513.0
2000-04-10,16783.0
2000-04-11,16539.0
2000-04-12,16323.0
2000-04-13,15500.0
2000-04-14,14794.0
2000-04-17,14815.0
2000-04-18,15408.0
2000-04-19,14926.0
2000-04-20,15203.0
2000-04-24,14794.0
2000-04-25,15400.0
2000-04-26,15446.0
2000-04-27,15440.0
2000-04-28,15537.0
2000-05-02,15524.0
2000-05-03,15108.0
2000-05-04,14969.0
2000-05-05,15217.0
2000-05-08,14890.0
2000-05-09,14581.0
2000-05-10,14433.0
2000-05-11,14498.0
2000-05-12,14458.0
2000-05-15,15055.0
2000-05-16,15360.0
2000-05-17,14870.0
2000-05-18,14626.0
2000-05-19,14326.0
2000-05-22,13891.0
2000-05-23,13587.0
2000-05-24,14166.0
2000-05-25,14185.0
2000-05-26,14542.0
2000-05-29,14772.0
2000-05-30,15248.0
2000-05-31,14956.0
2000-06-01,15450.0
2000-06-02,16222.0
2000-06-05,16022.0
2000-06-06,15946.0
2000-06-07,16271.0
2000-06-08,16398.0
2000-06-09,16342.0
2000-06-12,16096.0
2000-06-13,16354.0
2000-06-14,16366.0
2000-06-15,16561.0
2000-06-16,16424.0
2000-06-19,16850.0
2000-06-20,16843.0
2000-06-21,17254.0
2000-06-23,16977.0
2000-06-26,16744.0
2000-06-27,16512.0
2000-06-28,16842.0
2000-06-29,16407.0
2000-06-30,16727.0
2000-07-03,17088.0
2000-07-04,17279.0
2000-07-05,17134.0
2000-07-06,17348.0
2000-07-07,17598.0
2000-07-10,17471.0
2000-07-11,16880.0
2000-07-12,17053.0
2000-07-13,16444.0
2000-07-14,16880.0
2000-07-17,17387.0
2000-07-18,17368.0
2000-07-19,16927.0
2000-07-20,17203.0
2000-07-21,17318.0
2000-07-24,17385.0
2000-07-25,17049.0
2000-07-26,17121.0
2000-07-27,16948.0
2000-07-28,16485.0
2000-07-31,16454.0
2000-08-01,16289.0
2000-08-02,16314.0
2000-08-03,16720.0
2000-08-04,16761.0
2000-08-07,16995.0
2000-08-08,16884.0
2000-08-09,16533.0
2000-08-10,16834.0
2000-08-11,17395.0
2000-08-14,17810.0
2000-08-15,17744.0
2000-08-16,17330.0
2000-08-17,17702.0
2000-08-18,17313.0
2000-08-21,17083.0
2000-08-22,17224.0
2000-08-23,17450.0
2000-08-24,17310.0
2000-08-25,17642.0
2000-08-28,17460.0
2000-08-29,17354.0
2000-08-30,17414.0
2000-08-31,17346.0
2000-09-01,17577.0
2000-09-04,17613.0
2000-09-05,17424.0
2000-09-06,17589.0
2000-09-08,17433.0
2000-09-11,17287.0
2000-09-12,16882.0
2000-09-13,16998.0
2000-09-14,16768.0
2000-09-15,16563.0
2000-09-18,15913.0
2000-09-19,16188.0
2000-09-20,16077.0
2000-09-21,16146.0
2000-09-22,16353.0
2000-09-25,16318.0
2000-09-26,16254.0
2000-09-27,15848.0
2000-09-28,16013.0
2000-09-29,15928.0
2000-10-02,15559.0
2000-10-03,15633.0
2000-10-04,15876.0
2000-10-05,16362.0
2000-10-06,15945.0
2000-10-09,15855.0
2000-10-10,15747.0
2000-10-11,15526.0
2000-10-13,15385.0
2000-10-16,15241.0
2000-10-17,14870.0
2000-10-18,14420.0
2000-10-19,14845.0
2000-10-20,14529.0
2000-10-23,13989.0
2000-10-24,13799.0
2000-10-25,13665.0
2000-10-26,14223.0
2000-10-27,14691.0
2000-10-30,14891.0
2000-10-31,14867.0
2000-11-01,14791.0
2000-11-03,14533.0
2000-11-06,14800.0
2000-11-07,14968.0
2000-11-08,14656.0
2000-11-09,14524.0
2000-11-10,14625.0
2000-11-13,14371.0
2000-11-14,14540.0
2000-11-16,14489.0
2000-11-17,14323.0
2000-11-20,14499.0
2000-11-21,14783.0
2000-11-22,14576.0
2000-11-23,14314.0
2000-11-24,14335.0
2000-11-27,14008.0
2000-11-28,13913.0
2000-11-29,13787.0
2000-11-30,13287.0
2000-12-01,13437.0
2000-12-04,13510.0
2000-12-05,14181.0
2000-12-06,13945.0
2000-12-07,14459.0
2000-12-08,14982.0
2000-12-11,15187.0
2000-12-12,14906.0
2000-12-13,15290.0
2000-12-14,15259.0
2000-12-15,14987.0
2000-12-18,15082.0
2000-12-19,15336.0
2000-12-20,14622.0
2000-12-21,14505.0
2000-12-22,14652.0
2000-12-26,14794.0
2000-12-27,15186.0
2000-12-28,15259.0
2001-01-02,15425.0
2001-01-03,16599.0
2001-01-04,16675.0
2001-01-05,16409.0
2001-01-08,16562.0
2001-01-09,16975.0
2001-01-10,16918.0
2001-01-11,17023.0
2001-01-12,16850.0
2001-01-15,16962.0
2001-01-16,16720.0
2001-01-17,17191.0
2001-01-18,17521.0
2001-01-19,17530.0
2001-01-22,17391.0
2001-01-23,17832.0
2001-01-24,17771.0
2001-01-26,17889.0
2001-01-29,17883.0
2001-01-30,17722.0
2001-01-31,17672.0
2001-02-01,17038.0
2001-02-02,16914.0
2001-02-05,16731.0
2001-02-06,17006.0
2001-02-07,16812.0
2001-02-08,17243.0
2001-02-09,17138.0
2001-02-12,16917.0
2001-02-13,17095.0
2001-02-14,17120.0
2001-02-15,16937.0
2001-02-16,16259.0
2001-02-19,16060.0
2001-02-20,15910.0
2001-02-21,15593.0
2001-02-22,15910.0
2001-02-23,16157.0
2001-02-28,15891.0
2001-03-01,16416.0
2001-03-02,16581.0
2001-03-05,16537.0
2001-03-06,16324.0
2001-03-07,16395.0
2001-03-08,16226.0
2001-03-09,16123.0
2001-03-12,15527.0
2001-03-13,15584.0
2001-03-14,15244.0
2001-03-15,15060.0
2001-03-16,15237.0
2001-03-19,14835.0
2001-03-20,14903.0
2001-03-21,14852.0
2001-03-22,14067.0
2001-03-23,14435.0
2001-03-26,14712.0
2001-03-27,14835.0
2001-03-28,14631.0
2001-03-29,14282.0
2001-03-30,14438.0
2001-04-02,13981.0
2001-04-03,13736.0
2001-04-04,13854.0
2001-04-05,14442.0
2001-04-06,14484.0
2001-04-09,14718.0
2001-04-10,15047.0
2001-04-11,14818.0
2001-04-12,14969.0
2001-04-16,14444.0
2001-04-17,14336.0
2001-04-18,14955.0
2001-04-19,14431.0
2001-04-20,13696.0
2001-04-23,13892.0
2001-04-24,14068.0
2001-04-25,14162.0
2001-04-26,14757.0
2001-04-27,14927.0
2001-04-30,14917.0
2001-05-02,14897.0
2001-05-03,15141.0
2001-05-04,15092.0
2001-05-07,14875.0
2001-05-08,14747.0
2001-05-09,14778.0
2001-05-10,14993.0
2001-05-11,14493.0
2001-05-14,14132.0
2001-05-15,14226.0
2001-05-16,14714.0
2001-05-17,14793.0
2001-05-18,14884.0
2001-05-21,15127.0
2001-05-22,14828.0
2001-05-23,14691.0
2001-05-24,14523.0
2001-05-25,14310.0
2001-05-28,14302.0
2001-05-29,14453.0
2001-05-30,14489.0
2001-05-31,14649.0
2001-06-01,14791.0
2001-06-04,15103.0
2001-06-05,15394.0
2001-06-06,15328.0
2001-06-07,15464.0
2001-06-08,15366.0
2001-06-11,15224.0
2001-06-12,15173.0
2001-06-13,15403.0
2001-06-15,14985.0
2001-06-18,14355.0
2001-06-19,14400.0
2001-06-20,14571.0
2001-06-21,14822.0
2001-06-22,14682.0
2001-06-25,14539.0
2001-06-26,14459.0
2001-06-27,14308.0
2001-06-28,14390.0
2001-06-29,14559.0
2001-07-02,14555.0
2001-07-03,14352.0
2001-07-04,14056.0
2001-07-05,14047.0
2001-07-06,13906.0
2001-07-10,13569.0
2001-07-11,13811.0
2001-07-12,13912.0
2001-07-13,14078.0
2001-07-16,13811.0
2001-07-17,14168.0
2001-07-18,13790.0
2001-07-19,13761.0
2001-07-20,14092.0
2001-07-23,14067.0
2001-07-24,13737.0
2001-07-25,13955.0
2001-07-26,13810.0
2001-07-27,13910.0
2001-07-30,13703.0
2001-07-31,13754.0
2001-08-01,13743.0
2001-08-02,13822.0
2001-08-03,13838.0
2001-08-06,14046.0
2001-08-07,14035.0
2001-08-08,13919.0
2001-08-09,13834.0
2001-08-10,13915.0
2001-08-13,13771.0
2001-08-14,13829.0
2001-08-15,13658.0
2001-08-16,13509.0
2001-08-17,13044.0
2001-08-20,13115.0
2001-08-21,12891.0
2001-08-22,12952.0
2001-08-23,12750.0
2001-08-24,13001.0
2001-08-27,12995.0
2001-08-28,13018.0
2001-08-29,13076.0
2001-08-30,12892.0
2001-08-31,12840.0
2001-09-03,12800.0
2001-09-04,12766.0
2001-09-05,12590.0
2001-09-06,12255.0
2001-09-10,11922.0
2001-09-11,10827.0
2001-09-12,11113.0
2001-09-13,10306.0
2001-09-14,10034.0
2001-09-17,10544.0
2001-09-18,10554.0
2001-09-19,10744.0
2001-09-20,10543.0
2001-09-21,10418.0
2001-09-24,10532.0
2001-09-25,10229.0
2001-09-26,10005.0
2001-09-27,10404.0
2001-09-28,10635.0
2001-10-01,10501.0
2001-10-02,10350.0
2001-10-03,10233.0
2001-10-04,10061.0
2001-10-05,10197.0
2001-10-08,10094.0
2001-10-09,10284.0
2001-10-10,10462.0
2001-10-11,10784.0
2001-10-15,11329.0
2001-10-16,11257.0
2001-10-17,11271.0
2001-10-18,10994.0
2001-10-19,11331.0
2001-10-22,11699.0
2001-10-23,11613.0
2001-10-24,11467.0
2001-10-25,11723.0
2001-10-26,11780.0
2001-10-29,11377.0
2001-10-30,11023.0
2001-10-31,11364.0
2001-11-01,11387.0
2001-11-05,12164.0
2001-11-06,12415.0
2001-11-07,12615.0
2001-11-08,12553.0
2001-11-09,12730.0
2001-11-12,12567.0
2001-11-13,12918.0
2001-11-14,12825.0
2001-11-16,12882.0
2001-11-19,12987.0
2001-11-20,12638.0
2001-11-21,12793.0
2001-11-22,13019.0
2001-11-23,13423.0
2001-11-26,13759.0
2001-11-27,13602.0
2001-11-28,13019.0
2001-11-29,12736.0
2001-11-30,12931.0
2001-12-03,13336.0
2001-12-04,13146.0
2001-12-05,13382.0
2001-12-06,13539.0
2001-12-07,13298.0
2001-12-10,13446.0
2001-12-11,13348.0
2001-12-12,13562.0
2001-12-13,13148.0
2001-12-14,12959.0
2001-12-17,12912.0
2001-12-18,13397.0
2001-12-19,13290.0
2001-12-20,12918.0
2001-12-21,13368.0
2001-12-26,13358.0
2001-12-27,13757.0
2001-12-28,13577.0
2002-01-02,13872.0
2002-01-03,14265.0
2002-01-04,14331.0
2002-01-07,14378.0
2002-01-08,14167.0
2002-01-09,14020.0
2002-01-10,13570.0
2002-01-11,13587.0
2002-01-14,13121.0
2002-01-15,13010.0
2002-01-16,13083.0
2002-01-17,13336.0
2002-01-18,13372.0
2002-01-21,13154.0
2002-01-22,13003.0
2002-01-23,13232.0
2002-01-24,13162.0
2002-01-28,13001.0
2002-01-29,12501.0
2002-01-30,12532.0
2002-01-31,12721.0
2002-02-01,12658.0
2002-02-04,12512.0
2002-02-05,12747.0
2002-02-06,12750.0
2002-02-07,12683.0
2002-02-08,12597.0
2002-02-13,12960.0
2002-02-14,13245.0
2002-02-15,13229.0
2002-02-18,13121.0
2002-02-19,12991.0
2002-02-20,13302.0
2002-02-21,13530.0
2002-02-22,13562.0
2002-02-25,13977.0
2002-02-26,13963.0
2002-02-27,14212.0
2002-02-28,14033.0
2002-03-01,14414.0
2002-03-04,14471.0
2002-03-05,14011.0
2002-03-06,13838.0
2002-03-07,13725.0
2002-03-08,13961.0
2002-03-11,13695.0
2002-03-12,14181.0
2002-03-13,14244.0
2002-03-14,14117.0
2002-03-15,14365.0
2002-03-18,14244.0
2002-03-19,14117.0
2002-03-20,14089.0
2002-03-21,13717.0
2002-03-22,13312.0
2002-03-25,13277.0
2002-03-26,13569.0
2002-03-27,13424.0
2002-03-28,13254.0
2002-04-01,13467.0
2002-04-02,13245.0
2002-04-03,13084.0
2002-04-04,13360.0
2002-04-05,13276.0
2002-04-08,13159.0
2002-04-09,13195.0
2002-04-10,13416.0
2002-04-11,13411.0
2002-04-12,13750.0
2002-04-15,13471.0
2002-04-16,13622.0
2002-04-17,13732.0
2002-04-18,13573.0
2002-04-19,13478.0
2002-04-22,13224.0
2002-04-23,13188.0
2002-04-24,13380.0
2002-04-25,13272.0
2002-04-26,13075.0
2002-04-29,13090.0
2002-04-30,13085.0
2002-05-02,12538.0
2002-05-03,12609.0
2002-05-06,12430.0
2002-05-07,12342.0
2002-05-08,12616.0
2002-05-09,12101.0
2002-05-10,12130.0
2002-05-13,12002.0
2002-05-14,12204.0
2002-05-15,12349.0
2002-05-16,12660.0
2002-05-17,12699.0
2002-05-20,12667.0
2002-05-21,12701.0
2002-05-22,12367.0
2002-05-23,12555.0
2002-05-24,12573.0
2002-05-27,12698.0
2002-05-28,12728.0
2002-05-29,12985.0
2002-05-31,12861.0
2002-06-03,12659.0
2002-06-04,12600.0
2002-06-05,12589.0
2002-06-06,12112.0
2002-06-07,12282.0
2002-06-10,12599.0
2002-06-11,12210.0
2002-06-12,12132.0
2002-06-13,11962.0
2002-06-14,11698.0
2002-06-17,11937.0
2002-06-18,11821.0
2002-06-19,11493.0
2002-06-20,10908.0
2002-06-21,10397.0
2002-06-24,10759.0
2002-06-25,10705.0
2002-06-26,10690.0
2002-06-27,11013.0
2002-06-28,11139.0
2002-07-01,10892.0
2002-07-02,10845.0
2002-07-03,10635.0
2002-07-04,10655.0
2002-07-05,10523.0
2002-07-08,10687.0
2002-07-10,10555.0
2002-07-11,10806.0
2002-07-12,10967.0
2002-07-15,10633.0
2002-07-16,10577.0
2002-07-17,10754.0
2002-07-18,10812.0
2002-07-19,10583.0
2002-07-22,9892.0
2002-07-23,9745.0
2002-07-24,9937.0
2002-07-25,9665.0
2002-07-26,9217.0
2002-07-29,9240.0
2002-07-30,9341.0
2002-07-31,9762.0
2002-08-01,9759.0
2002-08-02,9852.0
2002-08-05,9469.0
2002-08-06,9755.0
2002-08-07,9869.0
2002-08-08,10315.0
2002-08-09,9985.0
2002-08-12,9723.0
2002-08-13,9444.0
2002-08-14,9343.0
2002-08-15,9183.0
2002-08-16,9526.0
2002-08-19,9416.0
2002-08-20,9263.0
2002-08-21,9437.0
2002-08-22,9702.0
2002-08-23,9676.0
2002-08-26,10097.0
2002-08-27,10371.0
2002-08-28,10379.0
2002-08-29,10455.0
2002-08-30,10382.0
2002-09-02,10378.0
2002-09-03,10135.0
2002-09-04,9996.0
2002-09-05,9723.0
2002-09-06,9716.0
2002-09-09,9954.0
2002-09-10,9960.0
2002-09-11,10182.0
2002-09-12,10172.0
2002-09-13,10180.0
2002-09-16,9831.0
2002-09-17,9650.0
2002-09-18,9505.0
2002-09-19,9372.0
2002-09-20,9585.0
2002-09-23,9264.0
2002-09-24,9148.0
2002-09-25,9227.0
2002-09-26,9199.0
2002-09-27,8715.0
2002-09-30,8622.0
2002-10-01,8997.0
2002-10-02,8820.0
2002-10-03,9139.0
2002-10-04,9259.0
2002-10-07,8863.0
2002-10-08,8846.0
2002-10-09,8714.0
2002-10-10,8866.0
2002-10-11,8854.0
2002-10-14,8450.0
2002-10-15,8506.0
2002-10-16,8370.0
2002-10-17,8901.0
2002-10-18,9022.0
2002-10-21,9128.0
2002-10-22,9331.0
2002-10-23,9840.0
2002-10-24,9799.0
2002-10-25,10014.0
2002-10-28,9573.0
2002-10-29,9600.0
2002-10-30,10068.0
2002-10-31,10167.0
2002-11-01,10140.0
2002-11-04,9912.0
2002-11-05,9861.0
2002-11-06,9702.0
2002-11-07,9799.0
2002-11-08,9860.0
2002-11-11,9885.0
2002-11-12,9720.0
2002-11-13,9763.0
2002-11-14,9884.0
2002-11-18,9970.0
2002-11-19,9971.0
2002-11-20,10087.0
2002-11-21,10289.0
2002-11-22,10404.0
2002-11-25,10245.0
2002-11-26,10131.0
2002-11-27,10226.0
2002-11-28,10239.0
2002-11-29,10508.0
2002-12-02,10673.0
2002-12-03,10662.0
2002-12-04,10640.0
2002-12-05,10413.0
2002-12-06,10569.0
2002-12-09,10338.0
2002-12-10,10331.0
2002-12-11,10613.0
2002-12-12,10586.0
2002-12-13,10564.0
2002-12-16,10771.0
2002-12-17,10832.0
2002-12-18,10984.0
2002-12-19,11207.0
2002-12-20,11489.0
2002-12-23,11470.0
2002-12-26,11318.0
2002-12-27,11234.0
2002-12-30,11268.0
2003-01-02,11602.0
2003-01-03,11600.0
2003-01-06,12019.0
2003-01-07,11876.0
2003-01-08,11785.0
2003-01-09,11911.0
2003-01-10,12242.0
2003-01-13,12110.0
2003-01-14,12174.0
2003-01-15,11971.0
2003-01-16,11951.0
2003-01-17,11675.0
2003-01-20,11648.0
2003-01-21,11434.0
2003-01-22,11142.0
2003-01-23,11162.0
2003-01-24,10783.0
2003-01-27,10529.0
2003-01-28,10516.0
2003-01-29,10863.0
2003-01-30,10750.0
2003-01-31,10941.0
2003-02-03,10910.0
2003-02-04,10577.0
2003-02-05,10591.0
2003-02-06,10565.0
2003-02-07,10380.0
2003-02-10,10479.0
2003-02-11,10509.0
2003-02-12,10509.0
2003-02-13,10107.0
2003-02-14,10080.0
2003-02-17,10188.0
2003-02-18,10449.0
2003-02-19,10251.0
2003-02-20,10216.0
2003-02-21,10330.0
2003-02-24,10253.0
2003-02-25,10191.0
2003-02-26,9994.0
2003-02-27,10150.0
2003-02-28,10280.0
2003-03-05,10305.0
2003-03-06,10615.0
2003-03-07,10723.0
2003-03-10,10308.0
2003-03-11,10339.0
2003-03-12,10582.0
2003-03-13,10783.0
2003-03-14,10817.0
2003-03-17,10874.0
2003-03-18,11150.0
2003-03-19,11006.0
2003-03-20,11158.0
2003-03-21,11377.0
2003-03-24,11052.0
2003-03-25,11232.0
2003-03-26,11206.0
2003-03-27,11233.0
2003-03-28,11396.0
2003-03-31,11273.0
2003-04-01,11592.0
2003-04-02,11872.0
2003-04-03,12006.0
2003-04-04,12065.0
2003-04-07,12135.0
2003-04-08,11778.0
2003-04-09,11758.0
2003-04-10,11591.0
2003-04-11,11718.0
2003-04-14,11873.0
2003-04-15,12106.0
2003-04-16,12043.0
2003-04-17,12395.0
2003-04-22,12452.0
2003-04-23,12394.0
2003-04-24,12120.0
2003-04-25,12126.0
2003-04-28,12462.0
2003-04-29,12677.0
2003-04-30,12556.0
2003-05-02,12810.0
2003-05-05,12832.0
2003-05-06,12643.0
2003-05-07,12956.0
2003-05-08,12920.0
2003-05-09,13214.0
2003-05-12,13320.0
2003-05-13,13420.0
2003-05-14,13459.0
2003-05-15,13129.0
2003-05-16,13224.0
2003-05-19,12745.0
2003-05-20,12745.0
2003-05-21,13033.0
2003-05-22,13100.0
2003-05-23,13142.0
2003-05-26,12852.0
2003-05-27,13246.0
2003-05-28,13294.0
2003-05-29,13405.0
2003-05-30,13421.0
2003-06-02,13228.0
2003-06-03,13350.0
2003-06-04,13718.0
2003-06-05,13779.0
2003-06-06,13923.0
2003-06-09,13845.0
2003-06-10,13893.0
2003-06-11,13876.0
2003-06-12,13982.0
2003-06-13,13733.0
2003-06-16,13832.0
2003-06-17,13776.0
2003-06-18,13510.0
2003-06-20,13130.0
2003-06-23,12991.0
2003-06-24,13108.0
2003-06-25,13025.0
2003-06-26,13111.0
2003-06-27,13024.0
2003-06-30,12972.0
2003-07-01,13291.0
2003-07-02,13310.0
2003-07-03,13134.0
2003-07-04,13273.0
2003-07-07,13402.0
2003-07-08,13618.0
2003-07-10,13501.0
2003-07-11,13320.0
2003-07-14,13588.0
2003-07-15,13614.0
2003-07-16,13487.0
2003-07-17,13622.0
2003-07-18,13794.0
2003-07-21,13675.0
2003-07-22,13835.0
2003-07-23,13798.0
2003-07-24,13761.0
2003-07-25,13750.0
2003-07-28,13643.0
2003-07-29,13623.0
2003-07-30,13474.0
2003-07-31,13571.0
2003-08-01,13129.0
2003-08-04,12938.0
2003-08-05,13059.0
2003-08-06,12887.0
2003-08-07,13328.0
2003-08-08,13499.0
2003-08-11,13560.0
2003-08-12,13602.0
2003-08-13,13682.0
2003-08-14,13812.0
2003-08-15,13889.0
2003-08-18,14146.0
2003-08-19,14157.0
2003-08-20,14466.0
2003-08-21,14669.0
2003-08-22,14613.0
2003-08-25,14473.0
2003-08-26,14877.0
2003-08-27,15142.0
2003-08-28,15064.0
2003-08-29,15174.0
2003-09-01,15352.0
2003-09-02,15454.0
2003-09-03,15633.0
2003-09-04,15704.0
2003-09-05,15899.0
2003-09-08,16050.0
2003-09-09,15718.0
2003-09-10,15983.0
2003-09-11,16292.0
2003-09-12,16421.0
2003-09-15,16341.0
2003-09-16,16269.0
2003-09-17,16492.0
2003-09-18,16889.0
2003-09-19,16851.0
2003-09-22,16485.0
2003-09-23,16443.0
2003-09-24,16057.0
2003-09-25,15806.0
2003-09-26,15810.0
2003-09-29,16108.0
2003-09-30,16010.0
2003-10-01,16578.0
2003-10-02,16893.0
2003-10-03,17089.0
2003-10-06,17273.0
2003-10-07,17470.0
2003-10-08,17804.0
2003-10-09,17708.0
2003-10-10,17676.0
2003-10-13,18061.0
2003-10-14,18178.0
2003-10-15,17942.0
2003-10-16,17955.0
2003-10-17,17790.0
2003-10-20,18369.0
2003-10-21,18448.0
2003-10-22,18234.0
2003-10-23,17689.0
2003-10-24,17813.0
2003-10-27,17750.0
2003-10-28,18227.0
2003-10-29,17944.0
2003-10-30,18093.0
2003-10-31,17982.0
2003-11-03,18517.0
2003-11-04,18541.0
2003-11-05,18307.0
2003-11-06,18612.0
2003-11-07,18672.0
2003-11-10,18572.0
2003-11-11,18408.0
2003-11-12,18793.0
2003-11-13,18754.0
2003-11-14,18985.0
2003-11-17,18668.0
2003-11-18,18812.0
2003-11-19,18807.0
2003-11-20,19199.0
2003-11-21,19248.0
2003-11-24,19690.0
2003-11-25,19809.0
2003-11-26,19694.0
2003-11-27,19960.0
2003-11-28,20183.0
2003-12-01,20520.0
2003-12-02,20458.0
2003-12-03,20539.0
2003-12-04,20414.0
2003-12-05,20879.0
2003-12-08,20888.0
2003-12-09,21259.0
2003-12-10,20972.0
2003-12-11,21296.0
2003-12-12,20973.0
2003-12-15,20709.0
2003-12-16,20759.0
2003-12-17,21199.0
2003-12-18,21489.0
2003-12-19,21385.0
2003-12-22,21630.0
2003-12-23,21688.0
2003-12-26,21806.0
2003-12-29,22045.0
2003-12-30,22236.0
2004-01-02,22444.0
2004-01-05,23531.0
2004-01-06,23576.0
2004-01-07,23320.0
2004-01-08,23716.0
2004-01-09,23916.0
2004-01-12,24236.0
2004-01-13,23939.0
2004-01-14,23398.0
2004-01-15,22961.0
2004-01-16,23154.0
2004-01-19,23385.0
2004-01-20,23678.0
2004-01-21,23301.0
2004-01-22,22968.0
2004-01-23,23471.0
2004-01-26,24349.0
2004-01-27,24226.0
2004-01-28,23851.0
2004-01-29,22386.0
2004-01-30,21851.0
2004-02-02,21786.0
2004-02-03,22280.0
2004-02-04,21684.0
2004-02-05,21091.0
2004-02-06,21968.0
2004-02-09,21961.0
2004-02-10,22171.0
2004-02-11,23197.0
2004-02-12,23063.0
2004-02-13,22529.0
2004-02-16,22188.0
2004-02-17,22426.0
2004-02-18,22000.0
2004-02-19,20950.0
2004-02-20,21336.0
2004-02-25,21609.0
2004-02-26,21449.0
2004-02-27,21755.0
2004-03-01,22498.0
2004-03-02,22442.0
2004-03-03,22550.0
2004-03-04,22392.0
2004-03-05,22872.0
2004-03-08,22993.0
2004-03-09,22673.0
2004-03-10,21670.0
2004-03-11,20763.0
2004-03-12,21775.0
2004-03-15,21233.0
2004-03-16,21612.0
2004-03-17,21900.0
2004-03-18,22369.0
2004-03-19,22260.0
2004-03-22,21663.0
2004-03-23,21204.0
2004-03-24,20984.0
2004-03-25,21000.0
2004-03-26,21541.0
2004-03-29,21530.0
2004-03-30,22042.0
2004-03-31,22142.0
2004-04-01,22647.0
2004-04-02,22948.0
2004-04-05,23146.0
2004-04-06,23071.0
2004-04-07,22443.0
2004-04-08,22724.0
2004-04-12,22779.0
2004-04-13,22619.0
2004-04-14,22311.0
2004-04-15,21739.0
2004-04-16,21768.0
2004-04-19,21626.0
2004-04-20,21077.0
2004-04-22,21141.0
2004-04-23,21590.0
2004-04-26,21323.0
2004-04-27,21316.0
2004-04-28,20473.0
2004-04-29,19865.0
2004-04-30,19607.0
2004-05-03,19708.0
2004-05-04,19987.0
2004-05-05,20026.0
2004-05-06,19190.0
2004-05-07,18620.0
2004-05-10,17604.0
2004-05-11,18536.0
2004-05-12,18325.0
2004-05-13,18401.0
2004-05-14,18611.0
2004-05-17,18122.0
2004-05-18,18556.0
2004-05-19,18688.0
2004-05-20,18240.0
2004-05-21,18285.0
2004-05-24,18669.0
2004-05-25,18859.0
2004-05-26,19069.0
2004-05-27,19734.0
2004-05-28,19667.0
2004-05-31,19544.0
2004-06-01,19545.0
2004-06-02,19716.0
2004-06-03,19399.0
2004-06-04,19818.0
2004-06-07,20446.0
2004-06-08,20283.0
2004-06-09,19864.0
2004-06-11,19834.0
2004-06-14,19487.0
2004-06-15,20047.0
2004-06-16,20459.0
2004-06-17,20334.0
2004-06-18,20333.0
2004-06-21,20293.0
2004-06-22,20199.0
2004-06-23,20836.0
2004-06-24,20708.0
2004-06-25,20750.0
2004-06-28,20350.0
2004-06-29,20800.0
2004-06-30,21148.0
2004-07-01,21348.0
2004-07-02,21568.0
2004-07-05,21670.0
2004-07-06,21188.0
2004-07-07,21171.0
2004-07-08,20887.0
2004-07-12,21532.0
2004-07-13,21676.0
2004-07-14,21672.0
2004-07-15,22064.0
2004-07-16,22447.0
2004-07-19,22102.0
2004-07-20,22361.0
2004-07-21,21810.0
2004-07-22,21730.0
2004-07-23,21591.0
2004-07-26,21317.0
2004-07-27,21737.0
2004-07-28,22168.0
2004-07-29,22227.0
2004-07-30,22336.0
2004-08-02,22448.0
2004-08-03,22372.0
2004-08-04,22177.0
2004-08-05,21330.0
2004-08-06,21652.0
2004-08-09,21260.0
2004-08-10,21736.0
2004-08-11,21569.0
2004-08-12,21570.0
2004-08-13,21401.0
2004-08-16,21763.0
2004-08-17,22060.0
2004-08-18,22778.0
2004-08-19,22934.0
2004-08-20,23195.0
2004-08-23,22852.0
2004-08-24,22870.0
2004-08-25,23058.0
2004-08-26,22582.0
2004-08-27,22596.0
2004-08-30,22869.0
2004-08-31,22803.0
2004-09-01,22512.0
2004-09-02,22688.0
2004-09-03,22415.0
2004-09-06,22501.0
2004-09-08,22534.0
2004-09-09,22286.0
2004-09-10,21968.0
2004-09-13,21809.0
2004-09-14,22309.0
2004-09-15,22343.0
2004-09-16,22875.0
2004-09-17,23073.0
2004-09-20,23078.0
2004-09-21,23105.0
2004-09-22,22748.0
2004-09-23,22943.0
2004-09-24,22972.0
2004-09-27,22834.0
2004-09-28,23230.0
2004-09-29,23208.0
2004-09-30,23245.0
2004-10-01,23777.0
2004-10-04,24150.0
2004-10-05,24205.0
2004-10-06,24027.0
2004-10-07,24104.0
2004-10-08,23926.0
2004-10-11,23953.0
2004-10-13,23289.0
2004-10-14,22959.0
2004-10-15,23367.0
2004-10-18,23411.0
2004-10-19,22892.0
2004-10-20,22873.0
2004-10-21,23058.0
2004-10-22,22735.0
2004-10-25,22602.0
2004-10-26,22848.0
2004-10-27,23170.0
2004-10-28,22928.0
2004-10-29,23052.0
2004-11-01,23272.0
2004-11-03,23660.0
2004-11-04,23879.0
2004-11-05,23541.0
2004-11-08,23211.0
2004-11-09,23215.0
2004-11-10,23454.0
2004-11-11,23520.0
2004-11-12,24035.0
2004-11-16,23772.0
2004-11-17,24169.0
2004-11-18,24143.0
2004-11-19,24034.0
2004-11-22,24444.0
2004-11-23,24340.0
2004-11-24,24368.0
2004-11-25,24866.0
2004-11-26,24997.0
2004-11-29,24854.0
2004-11-30,25128.0
2004-12-01,25234.0
2004-12-02,25200.0
2004-12-03,25467.0
2004-12-06,25632.0
2004-12-07,24988.0
2004-12-08,24968.0
2004-12-09,24526.0
2004-12-10,24933.0
2004-12-13,25225.0
2004-12-14,25563.0
2004-12-15,25575.0
2004-12-16,25831.0
2004-12-17,25659.0
2004-12-20,25536.0
2004-12-21,25889.0
2004-12-22,25723.0
2004-12-23,25878.0
2004-12-27,25936.0
2004-12-28,26116.0
2004-12-29,26161.0
2004-12-30,26196.0
2005-01-03,25722.0
2005-01-04,24848.0
2005-01-05,24691.0
2005-01-06,24366.0
2005-01-07,24747.0
2005-01-10,24291.0
2005-01-11,24369.0
2005-01-12,24509.0
2005-01-13,24805.0
2005-01-14,24924.0
2005-01-17,24515.0
2005-01-18,24089.0
2005-01-19,24271.0
2005-01-20,23609.0
2005-01-21,23818.0
2005-01-24,24197.0
2005-01-26,24530.0
2005-01-27,24029.0
2005-01-28,23968.0
2005-01-31,24350.0
2005-02-01,24149.0
2005-02-02,24605.0
2005-02-03,24873.0
2005-02-04,25731.0
2005-02-09,26313.0
2005-02-10,26415.0
2005-02-11,26670.0
2005-02-14,26531.0
2005-02-15,26610.0
2005-02-16,26384.0
2005-02-17,27090.0
2005-02-18,26756.0
2005-02-21,26853.0
2005-02-22,26740.0
2005-02-23,27198.0
2005-02-24,28436.0
2005-02-25,28425.0
2005-02-28,28139.0
2005-03-01,27729.0
2005-03-02,28199.0
2005-03-03,28668.0
2005-03-04,29197.0
2005-03-07,29455.0
2005-03-08,29021.0
2005-03-09,28514.0
2005-03-10,28567.0
2005-03-11,28074.0
2005-03-14,28098.0
2005-03-15,27587.0
2005-03-16,27826.0
2005-03-17,28085.0
2005-03-18,27593.0
2005-03-21,27411.0
2005-03-22,26618.0
2005-03-23,26248.0
2005-03-24,26701.0
2005-03-28,26257.0
2005-03-29,25842.0
2005-03-30,26469.0
2005-03-31,26610.0
2005-04-01,26773.0
2005-04-04,26406.0
2005-04-05,26038.0
2005-04-06,25695.0
2005-04-07,26307.0
2005-04-08,25884.0
2005-04-11,25899.0
2005-04-12,26206.0
2005-04-13,26066.0
2005-04-14,24984.0
2005-04-15,24655.0
2005-04-18,24877.0
2005-04-19,25566.0
2005-04-20,25062.0
2005-04-22,24767.0
2005-04-25,25231.0
2005-04-26,25304.0
2005-04-27,25241.0
2005-04-28,24439.0
2005-04-29,24843.0
2005-05-02,24704.0
2005-05-03,24715.0
2005-05-04,25474.0
2005-05-05,25435.0
2005-05-06,25589.0
2005-05-09,25464.0
2005-05-10,24762.0
2005-05-11,24698.0
2005-05-12,24117.0
2005-05-13,23887.0
2005-05-16,24378.0
2005-05-17,24412.0
2005-05-18,24898.0
2005-05-19,24829.0
2005-05-20,24522.0
2005-05-23,24214.0
2005-05-24,24545.0
2005-05-25,24478.0
2005-05-27,25255.0
2005-05-30,25424.0
2005-05-31,25207.0
2005-06-01,25948.0
2005-06-02,26639.0
2005-06-03,26365.0
2005-06-06,25556.0
2005-06-07,25026.0
2005-06-08,24701.0
2005-06-09,24483.0
2005-06-10,24950.0
2005-06-13,24901.0
2005-06-14,25744.0
2005-06-15,25481.0
2005-06-16,25750.0
2005-06-17,26092.0
2005-06-20,26045.0
2005-06-21,25721.0
2005-06-22,25678.0
2005-06-23,24815.0
2005-06-24,24916.0
2005-06-27,25225.0
2005-06-28,25261.0
2005-06-29,25126.0
2005-06-30,25051.0
2005-07-01,25311.0
2005-07-04,25044.0
2005-07-05,24674.0
2005-07-06,24516.0
2005-07-07,24449.0
2005-07-08,24422.0
2005-07-11,25015.0
2005-07-12,25536.0
2005-07-13,25855.0
2005-07-14,25919.0
2005-07-15,25221.0
2005-07-18,25321.0
2005-07-19,25270.0
2005-07-20,25704.0
2005-07-21,25842.0
2005-07-22,25391.0
2005-07-25,24530.0
2005-07-26,24868.0
2005-07-27,25337.0
2005-07-28,26068.0
2005-07-29,26042.0
2005-08-01,26298.0
2005-08-02,26788.0
2005-08-03,26714.0
2005-08-04,26469.0
2005-08-05,26517.0
2005-08-08,26711.0
2005-08-09,27291.0
2005-08-10,27116.0
2005-08-11,26633.0
2005-08-12,26950.0
2005-08-15,27375.0
2005-08-16,27080.0
2005-08-17,27416.0
2005-08-18,26899.0
2005-08-19,26643.0
2005-08-22,27260.0
2005-08-23,26769.0
2005-08-24,26712.0
2005-08-25,27401.0
2005-08-26,27094.0
2005-08-29,27384.0
2005-08-30,27603.0
2005-08-31,28044.0
2005-09-01,27962.0
2005-09-02,28319.0
2005-09-05,28522.0
2005-09-06,28854.0
2005-09-08,28828.0
2005-09-09,29307.0
2005-09-12,29086.0
2005-09-13,28873.0
2005-09-14,29049.0
2005-09-15,29366.0
2005-09-16,29815.0
2005-09-19,30076.0
2005-09-20,30058.0
2005-09-21,30837.0
2005-09-22,30678.0
2005-09-23,31294.0
2005-09-26,31141.0
2005-09-27,30874.0
2005-09-28,31317.0
2005-09-29,31208.0
2005-09-30,31583.0
2005-10-03,31856.0
2005-10-04,31283.0
2005-10-05,30163.0
2005-10-06,29227.0
2005-10-07,29972.0
2005-10-10,30277.0
2005-10-11,30614.0
2005-10-13,29880.0
2005-10-14,29770.0
2005-10-17,30241.0
2005-10-18,29067.0
2005-10-19,29297.0
2005-10-20,28344.0
2005-10-21,29175.0
2005-10-24,29834.0
2005-10-25,29498.0
2005-10-26,29729.0
2005-10-27,29132.0
2005-10-28,29318.0
2005-10-31,30193.0
2005-11-01,30899.0
2005-11-03,31099.0
2005-11-04,30887.0
2005-11-07,30952.0
2005-11-08,30970.0
2005-11-09,30666.0
2005-11-10,30724.0
2005-11-11,30510.0
2005-11-14,30218.0
2005-11-16,30482.0
2005-11-17,31087.0
2005-11-18,31102.0
2005-11-21,31110.0
2005-11-22,31489.0
2005-11-23,31942.0
2005-11-24,31944.0
2005-11-25,31919.0
2005-11-28,31357.0
2005-11-29,31651.0
2005-11-30,31916.0
2005-12-01,32617.0
2005-12-02,32832.0
2005-12-05,32701.0
2005-12-06,33223.0
2005-12-07,32756.0
2005-12-08,32480.0
2005-12-09,32921.0
2005-12-12,32970.0
2005-12-13,33419.0
2005-12-14,33629.0
2005-12-15,33193.0
2005-12-16,33291.0
2005-12-19,33005.0
2005-12-20,33066.0
2005-12-21,33517.0
2005-12-22,33512.0
2005-12-23,33331.0
2005-12-26,33297.0
2005-12-27,33370.0
2005-12-28,33138.0
2005-12-29,33455.0
2006-01-02,33507.0
2006-01-03,34540.0
2006-01-04,35002.0
2006-01-05,34936.0
2006-01-06,35475.0
2006-01-09,35337.0
2006-01-10,35049.0
2006-01-11,35952.0
2006-01-12,35779.0
2006-01-13,35897.0
2006-01-16,36533.0
2006-01-17,36119.0
2006-01-18,35805.0
2006-01-19,36858.0
2006-01-20,36694.0
2006-01-23,36631.0
2006-01-24,37399.0
2006-01-26,38014.0
2006-01-27,37822.0
2006-01-30,38242.0
2006-01-31,38382.0
2006-02-01,38484.0
2006-02-02,37304.0
2006-02-03,37261.0
2006-02-06,37321.0
2006-02-07,36561.0
2006-02-08,36499.0
2006-02-09,36882.0
2006-02-10,36975.0
2006-02-13,36113.0
2006-02-14,36626.0
2006-02-15,37239.0
2006-02-16,38256.0
2006-02-17,38421.0
2006-02-20,38539.0
2006-02-21,38165.0
2006-02-22,38246.0
2006-02-23,38405.0
2006-02-24,38610.0
2006-03-01,39177.0
2006-03-02,39125.0
2006-03-03,39239.0
2006-03-06,38353.0
2006-03-07,37422.0
2006-03-08,37289.0
2006-03-09,36312.0
2006-03-10,36890.0
2006-03-13,36792.0
2006-03-14,37541.0
2006-03-15,38243.0
2006-03-16,38156.0
2006-03-17,38049.0
2006-03-20,38203.0
2006-03-21,37398.0
2006-03-22,37850.0
2006-03-23,37473.0
2006-03-24,37577.0
2006-03-27,37641.0
2006-03-28,36682.0
2006-03-29,37491.0
2006-03-30,37776.0
2006-03-31,37951.0
2006-04-03,38717.0
2006-04-04,38802.0
2006-04-05,39053.0
2006-04-06,39285.0
2006-04-07,38926.0
2006-04-10,38474.0
2006-04-11,37901.0
2006-04-12,38427.0
2006-04-13,38082.0
2006-04-17,38462.0
2006-04-18,39572.0
2006-04-19,39937.0
2006-04-20,39774.0
2006-04-24,39751.0
2006-04-25,39738.0
2006-04-26,40410.0
2006-04-27,39751.0
2006-04-28,40363.0
2006-05-02,41016.0
2006-05-03,40919.0
2006-05-04,40975.0
2006-05-05,41417.0
2006-05-08,41515.0
2006-05-09,41979.0
2006-05-10,41751.0
2006-05-11,40847.0
2006-05-12,40211.0
2006-05-15,39271.0
2006-05-16,39416.0
2006-05-17,38290.0
2006-05-18,37807.0
2006-05-19,37732.0
2006-05-22,36496.0
2006-05-23,36110.0
2006-05-24,35791.0
2006-05-25,37568.0
2006-05-26,38629.0
2006-05-29,38145.0
2006-05-30,36412.0
2006-05-31,36530.0
2006-06-01,37748.0
2006-06-02,37942.0
2006-06-05,36739.0
2006-06-06,36557.0
2006-06-07,35264.0
2006-06-08,35437.0
2006-06-09,35074.0
2006-06-12,33554.0
2006-06-13,32847.0
2006-06-14,32941.0
2006-06-16,34398.0
2006-06-19,33897.0
2006-06-20,33632.0
2006-06-21,34546.0
2006-06-22,34316.0
2006-06-23,34661.0
2006-06-26,34631.0
2006-06-27,34375.0
2006-06-28,34834.0
2006-06-29,36486.0
2006-06-30,36630.0
2006-07-03,37357.0
2006-07-04,37367.0
2006-07-05,36378.0
2006-07-06,36533.0
2006-07-07,36101.0
2006-07-10,36140.0
2006-07-11,36553.0
2006-07-12,36229.0
2006-07-13,35354.0
2006-07-14,35349.0
2006-07-17,34866.0
2006-07-18,35130.0
2006-07-19,36785.0
2006-07-20,35846.0
2006-07-21,35510.0
2006-07-24,36224.0
2006-07-25,36680.0
2006-07-26,36594.0
2006-07-27,36887.0
2006-07-28,37381.0
2006-07-31,37077.0
2006-08-01,36839.0
2006-08-02,37288.0
2006-08-03,37451.0
2006-08-04,37847.0
2006-08-07,37697.0
2006-08-08,37600.0
2006-08-09,37255.0
2006-08-10,37353.0
2006-08-11,36944.0
2006-08-14,36556.0
2006-08-15,37295.0
2006-08-16,37677.0
2006-08-17,37558.0
2006-08-18,37551.0
2006-08-21,37160.0
2006-08-22,36677.0
2006-08-23,35512.0
2006-08-24,35797.0
2006-08-25,35957.0
2006-08-28,36374.0
2006-08-29,36303.0
2006-08-30,36313.0
2006-08-31,36232.0
2006-09-01,37329.0
2006-09-04,37693.0
2006-09-05,37367.0
2006-09-06,36709.0
2006-09-08,36558.0
2006-09-11,35772.0
2006-09-12,36146.0
2006-09-13,36549.0
2006-09-14,36153.0
2006-09-15,36169.0
2006-09-18,36482.0
2006-09-19,35885.0
2006-09-20,35196.0
2006-09-21,34830.0
2006-09-22,34798.0
2006-09-25,34972.0
2006-09-26,35818.0
2006-09-27,36105.0
2006-09-28,36486.0
2006-09-29,36449.0
2006-10-02,37057.0
2006-10-03,36437.0
2006-10-04,37749.0
2006-10-05,37976.0
2006-10-06,37940.0
2006-10-09,38406.0
2006-10-10,38654.0
2006-10-11,38322.0
2006-10-13,38850.0
2006-10-16,39229.0
2006-10-17,38897.0
2006-10-18,38685.0
2006-10-19,38919.0
2006-10-20,38642.0
2006-10-23,39226.0
2006-10-24,39498.0
2006-10-25,39562.0
2006-10-26,39644.0
2006-10-27,39328.0
2006-10-30,38900.0
2006-10-31,39262.0
2006-11-01,39930.0
2006-11-03,40435.0
2006-11-06,41246.0
2006-11-07,41048.0
2006-11-08,41334.0
2006-11-09,40815.0
2006-11-10,40719.0
2006-11-13,40605.0
2006-11-14,41290.0
2006-11-16,41161.0
2006-11-17,41029.0
2006-11-21,41570.0
2006-11-22,41912.0
2006-11-23,42069.0
2006-11-24,41757.0
2006-11-27,40914.0
2006-11-28,41043.0
2006-11-29,41970.0
2006-11-30,41931.0
2006-12-01,41327.0
2006-12-04,42654.0
2006-12-05,43157.0
2006-12-06,43096.0
2006-12-07,42909.0
2006-12-08,42977.0
2006-12-11,43297.0
2006-12-12,43018.0
2006-12-13,43284.0
2006-12-14,43754.0
2006-12-15,43595.0
2006-12-18,43508.0
2006-12-19,43589.0
2006-12-20,43502.0
2006-12-21,43385.0
2006-12-22,43355.0
2006-12-26,43603.0
2006-12-27,44526.0
2006-12-28,44473.0
2007-01-02,45382.0
2007-01-03,44445.0
2007-01-04,44019.0
2007-01-05,42245.0
2007-01-08,42829.0
2007-01-09,42006.0
2007-01-10,42335.0
2007-01-11,42670.0
2007-01-12,43094.0
2007-01-15,42919.0
2007-01-16,42624.0
2007-01-17,42735.0
2007-01-18,42477.0
2007-01-19,43427.0
2007-01-22,43553.0
2007-01-23,44177.0
2007-01-24,44686.0
2007-01-26,44412.0
2007-01-29,43573.0
2007-01-30,44044.0
2007-01-31,44641.0
2007-02-01,44815.0
2007-02-02,44997.0
2007-02-05,45286.0
2007-02-06,45351.0
2007-02-07,44587.0
2007-02-08,44891.0
2007-02-09,44284.0
2007-02-12,43934.0
2007-02-13,45197.0
2007-02-14,45995.0
2007-02-15,45955.0
2007-02-16,45849.0
2007-02-21,46090.0
2007-02-22,46452.0
2007-02-23,46015.0
2007-02-26,46207.0
2007-02-27,43145.0
2007-02-28,43892.0
2007-03-01,43516.0
2007-03-02,42369.0
2007-03-05,41179.0
2007-03-06,43218.0
2007-03-07,42667.0
2007-03-08,43465.0
2007-03-09,44133.0
2007-03-12,44249.0
2007-03-13,42749.0
2007-03-14,43288.0
2007-03-15,43278.0
2007-03-16,42730.0
2007-03-19,43712.0
2007-03-20,44350.0
2007-03-21,45630.0
2007-03-22,45424.0
2007-03-23,45532.0
2007-03-26,45644.0
2007-03-27,45206.0
2007-03-28,44484.0
2007-03-29,45355.0
2007-03-30,45804.0
2007-04-02,45597.0
2007-04-03,46288.0
2007-04-04,46553.0
2007-04-05,46646.0
2007-04-09,46854.0
2007-04-10,47174.0
2007-04-11,46939.0
2007-04-12,47346.0
2007-04-13,47926.0
2007-04-16,48921.0
2007-04-17,48755.0
2007-04-18,48709.0
2007-04-19,48762.0
2007-04-20,49408.0
2007-04-23,49162.0
2007-04-24,49070.0
2007-04-25,49675.0
2007-04-26,49067.0
2007-04-27,49229.0
2007-04-30,48956.0
2007-05-02,49471.0
2007-05-03,50218.0
2007-05-04,50597.0
2007-05-07,50281.0
2007-05-08,50277.0
2007-05-09,51300.0
2007-05-10,50234.0
2007-05-11,50902.0
2007-05-14,50510.0
2007-05-15,50518.0
2007-05-16,51737.0
2007-05-17,51631.0
2007-05-18,52077.0
2007-05-21,52423.0
2007-05-22,52208.0
2007-05-23,51812.0
2007-05-24,50530.0
2007-05-25,51617.0
2007-05-28,52119.0
2007-05-29,51713.0
2007-05-30,52527.0
2007-05-31,52268.0
2007-06-01,53422.0
2007-06-04,53242.0
2007-06-05,53162.0
2007-06-06,52049.0
2007-06-08,52329.0
2007-06-11,52776.0
2007-06-12,51797.0
2007-06-13,52993.0
2007-06-14,53712.0
2007-06-15,54518.0
2007-06-18,54730.0
2007-06-19,54643.0
2007-06-20,54029.0
2007-06-21,54656.0
2007-06-22,54267.0
2007-06-25,54041.0
2007-06-26,53851.0
2007-06-27,54143.0
2007-06-28,54146.0
2007-06-29,54392.0
2007-07-02,55371.0
2007-07-03,55699.0
2007-07-04,55696.0
2007-07-05,55932.0
2007-07-06,56443.0
2007-07-10,55882.0
2007-07-11,56356.0
2007-07-12,57613.0
2007-07-13,57644.0
2007-07-16,57374.0
2007-07-17,57659.0
2007-07-18,57555.0
2007-07-19,58124.0
2007-07-20,57442.0
2007-07-23,58036.0
2007-07-24,55794.0
2007-07-25,56001.0
2007-07-26,53893.0
2007-07-27,52922.0
2007-07-30,54572.0
2007-07-31,54182.0
2007-08-01,54233.0
2007-08-02,54690.0
2007-08-03,52846.0
2007-08-06,53091.0
2007-08-07,53802.0
2007-08-08,55241.0
2007-08-09,53430.0
2007-08-10,52638.0
2007-08-13,52434.0
2007-08-14,50911.0
2007-08-15,49285.0
2007-08-16,48015.0
2007-08-17,48558.0
2007-08-20,49206.0
2007-08-21,49815.0
2007-08-22,51744.0
2007-08-23,51848.0
2007-08-24,52997.0
2007-08-27,53078.0
2007-08-28,51645.0
2007-08-29,52734.0
2007-08-30,52857.0
2007-08-31,54637.0
2007-09-03,54832.0
2007-09-04,55250.0
2007-09-05,54407.0
2007-09-06,54569.0
2007-09-10,52652.0
2007-09-11,53920.0
2007-09-12,53882.0
2007-09-13,54908.0
2007-09-14,54671.0
2007-09-17,54340.0
2007-09-18,56666.0
2007-09-19,57264.0
2007-09-20,56906.0
2007-09-21,57798.0
2007-09-24,58719.0
2007-09-25,58857.0
2007-09-26,59714.0
2007-09-27,61052.0
2007-09-28,60465.0
2007-10-01,62340.0
2007-10-02,62017.0
2007-10-03,60098.0
2007-10-04,60406.0
2007-10-05,62318.0
2007-10-08,62660.0
2007-10-09,63548.0
2007-10-10,63197.0
2007-10-11,62455.0
2007-10-15,62969.0
2007-10-16,61717.0
2007-10-17,63193.0
2007-10-18,63261.0
2007-10-19,60894.0
2007-10-22,61215.0
2007-10-23,62697.0
2007-10-24,62624.0
2007-10-25,62341.0
2007-10-26,64275.0
2007-10-29,65044.0
2007-10-30,64383.0
2007-10-31,65317.0
2007-11-01,64050.0
2007-11-05,62959.0
2007-11-06,64503.0
2007-11-07,63500.0
2007-11-08,63561.0
2007-11-09,64320.0
2007-11-12,61526.0
2007-11-13,62927.0
2007-11-14,64630.0
2007-11-16,64609.0
2007-11-19,62336.0
2007-11-21,60581.0
2007-11-22,60653.0
2007-11-23,60970.0
2007-11-26,59069.0
2007-11-27,59431.0
2007-11-28,61714.0
2007-11-29,62156.0
2007-11-30,63006.0
2007-12-03,63199.0
2007-12-04,63481.0
2007-12-05,64927.0
2007-12-06,65790.0
2007-12-07,65638.0
2007-12-10,65445.0
2007-12-11,64512.0
2007-12-12,64741.0
2007-12-13,62860.0
2007-12-14,62444.0
2007-12-17,59828.0
2007-12-18,61096.0
2007-12-19,61721.0
2007-12-20,61716.0
2007-12-21,63097.0
2007-12-26,64288.0
2007-12-27,63774.0
2007-12-28,63886.0
2008-01-02,62815.0
2008-01-03,62891.0
2008-01-04,61036.0
2008-01-07,60772.0
2008-01-08,62080.0
2008-01-09,62673.0
2008-01-10,63515.0
2008-01-11,61942.0
2008-01-14,62187.0
2008-01-15,59907.0
2008-01-16,58777.0
2008-01-17,57036.0
2008-01-18,57506.0
2008-01-21,53709.0
2008-01-22,56097.0
2008-01-23,54234.0
2008-01-24,57463.0
2008-01-28,58593.0
2008-01-29,59529.0
2008-01-30,60289.0
2008-01-31,59490.0
2008-02-01,61079.0
2008-02-06,58968.0
2008-02-07,58965.0
2008-02-08,59075.0
2008-02-11,60643.0
2008-02-12,61805.0
2008-02-13,62590.0
2008-02-14,61818.0
2008-02-15,61271.0
2008-02-18,62801.0
2008-02-19,62296.0
2008-02-20,63747.0
2008-02-21,63792.0
2008-02-22,64608.0
2008-02-25,65000.0
2008-02-26,65182.0
2008-02-27,65494.0
2008-02-28,65555.0
2008-02-29,63489.0
2008-03-03,64490.0
2008-03-04,63655.0
2008-03-05,64629.0
2008-03-06,62974.0
2008-03-07,61867.0
2008-03-10,59999.0
2008-03-11,62367.0
2008-03-12,62176.0
2008-03-13,62279.0
2008-03-14,61990.0
2008-03-17,60011.0
2008-03-18,61932.0
2008-03-19,58827.0
2008-03-20,58987.0
2008-03-24,59812.0
2008-03-25,61234.0
2008-03-26,61415.0
2008-03-27,60761.0
2008-03-28,60452.0
2008-03-31,60968.0
2008-04-01,62774.0
2008-04-02,63364.0
2008-04-03,64175.0
2008-04-04,64445.0
2008-04-07,64175.0
2008-04-08,64539.0
2008-04-09,63476.0
2008-04-10,63527.0
2008-04-11,62585.0
2008-04-14,62153.0
2008-04-15,62618.0
2008-04-16,64151.0
2008-04-17,64552.0
2008-04-18,64922.0
2008-04-22,65412.0
2008-04-23,64947.0
2008-04-24,64576.0
2008-04-25,65187.0
2008-04-28,65677.0
2008-04-29,63825.0
2008-04-30,67868.0
2008-05-02,69366.0
2008-05-05,70174.0
2008-05-06,70195.0
2008-05-07,69017.0
2008-05-08,69722.0
2008-05-09,69645.0
2008-05-12,70415.0
2008-05-13,70503.0
2008-05-14,70026.0
2008-05-15,71492.0
2008-05-16,72766.0
2008-05-19,73438.0
2008-05-20,73516.0
2008-05-21,72294.0
2008-05-23,71451.0
2008-05-26,71628.0
2008-05-27,70992.0
2008-05-28,73153.0
2008-05-29,71797.0
2008-05-30,72592.0
2008-06-02,71897.0
2008-06-03,70011.0
2008-06-04,68673.0
2008-06-05,71209.0
2008-06-06,69785.0
2008-06-09,69281.0
2008-06-10,67774.0
2008-06-11,66794.0
2008-06-12,67319.0
2008-06-13,67203.0
2008-06-16,67284.0
2008-06-17,68437.0
2008-06-18,67090.0
2008-06-19,66590.0
2008-06-20,64613.0
2008-06-23,64640.0
2008-06-24,64167.0
2008-06-25,65853.0
2008-06-26,63946.0
2008-06-27,64321.0
2008-06-30,65017.0
2008-07-01,63396.0
2008-07-02,61106.0
2008-07-03,59273.0
2008-07-04,59365.0
2008-07-07,59088.0
2008-07-08,59535.0
2008-07-10,60252.0
2008-07-11,60148.0
2008-07-14,60720.0
2008-07-15,61015.0
2008-07-16,62056.0
2008-07-17,60108.0
2008-07-18,59988.0
2008-07-21,60771.0
2008-07-22,59647.0
2008-07-23,59420.0
2008-07-24,57434.0
2008-07-25,57199.0
2008-07-28,56869.0
2008-07-29,58042.0
2008-07-30,59997.0
2008-07-31,59505.0
2008-08-01,57630.0
2008-08-04,55609.0
2008-08-05,56470.0
2008-08-06,57542.0
2008-08-07,57017.0
2008-08-08,56584.0
2008-08-11,54720.0
2008-08-12,54502.0
2008-08-13,54573.0
2008-08-14,55138.0
2008-08-15,54244.0
2008-08-18,53326.0
2008-08-19,53638.0
2008-08-20,55377.0
2008-08-21,55934.0
2008-08-22,55850.0
2008-08-25,54477.0
2008-08-26,54358.0
2008-08-27,55519.0
2008-08-28,56382.0
2008-08-29,55680.0
2008-09-01,55162.0
2008-09-02,54404.0
2008-09-03,53527.0
2008-09-04,51408.0
2008-09-05,51939.0
2008-09-08,50717.0
2008-09-09,48435.0
2008-09-10,49633.0
2008-09-11,51270.0
2008-09-12,52392.0
2008-09-15,48416.0
2008-09-16,49228.0
2008-09-17,45908.0
2008-09-18,48422.0
2008-09-19,53055.0
2008-09-22,51540.0
2008-09-23,49593.0
2008-09-24,49842.0
2008-09-25,51828.0
2008-09-26,50782.0
2008-09-29,46028.0
2008-09-30,49541.0
2008-10-01,49798.0
2008-10-02,46145.0
2008-10-03,44517.0
2008-10-06,42100.0
2008-10-07,40139.0
2008-10-08,38593.0
2008-10-09,37080.0
2008-10-10,35609.0
2008-10-13,40829.0
2008-10-14,41569.0
2008-10-15,36833.0
2008-10-16,36441.0
2008-10-17,36399.0
2008-10-20,39441.0
2008-10-21,39043.0
2008-10-22,35069.0
2008-10-23,33818.0
2008-10-24,31481.0
2008-10-27,29435.0
2008-10-28,33386.0
2008-10-29,34845.0
2008-10-30,37448.0
2008-10-31,37256.0
2008-11-03,38249.0
2008-11-04,40254.0
2008-11-05,37785.0
2008-11-06,36361.0
2008-11-07,36665.0
2008-11-10,36776.0
2008-11-11,37261.0
2008-11-12,34373.0
2008-11-13,35993.0
2008-11-14,35789.0
2008-11-17,35717.0
2008-11-18,34094.0
2008-11-19,33404.0
2008-11-21,31250.0
2008-11-24,34188.0
2008-11-25,34812.0
2008-11-26,36469.0
2008-11-27,36212.0
2008-11-28,36595.0
2008-12-01,34740.0
2008-12-02,35000.0
2008-12-03,35296.0
2008-12-04,35127.0
2008-12-05,35347.0
2008-12-08,38284.0
2008-12-09,37968.0
2008-12-10,39004.0
2008-12-11,38519.0
2008-12-12,39373.0
2008-12-15,38320.0
2008-12-16,39993.0
2008-12-17,39947.0
2008-12-18,39536.0
2008-12-19,39131.0
2008-12-22,37618.0
2008-12-23,36470.0
2008-12-26,36864.0
2008-12-29,37060.0
2008-12-30,37550.0
2009-01-02,40244.0
2009-01-05,41518.0
2009-01-06,42312.0
2009-01-07,40820.0
2009-01-08,41990.0
2009-01-09,41582.0
2009-01-12,39403.0
2009-01-13,39544.0
2009-01-14,37981.0
2009-01-15,39151.0
2009-01-16,39341.0
2009-01-19,38828.0
2009-01-20,37272.0
2009-01-21,38542.0
2009-01-22,37894.0
2009-01-23,38132.0
2009-01-26,38509.0
2009-01-27,38698.0
2009-01-28,40227.0
2009-01-29,39638.0
2009-01-30,39300.0
2009-02-02,38666.0
2009-02-03,39746.0
2009-02-04,40129.0
2009-02-05,41108.0
2009-02-06,42755.0
2009-02-09,42100.0
2009-02-10,41207.0
2009-02-11,40845.0
2009-02-12,40500.0
2009-02-13,41673.0
2009-02-16,41841.0
2009-02-17,39846.0
2009-02-18,39674.0
2009-02-19,39730.0
2009-02-20,38714.0
2009-02-25,38231.0
2009-02-26,38180.0
2009-02-27,38183.0
2009-03-02,36234.0
2009-03-03,36467.0
2009-03-04,38402.0
2009-03-05,37368.0
2009-03-06,37105.0
2009-03-09,36741.0
2009-03-10,38794.0
2009-03-11,38804.0
2009-03-12,39151.0
2009-03-13,39015.0
2009-03-16,38607.0
2009-03-17,39510.0
2009-03-18,40142.0
2009-03-19,40453.0
2009-03-20,40076.0
2009-03-23,42438.0
2009-03-24,41475.0
2009-03-25,41799.0
2009-03-26,42588.0
2009-03-27,41907.0
2009-03-30,40653.0
2009-03-31,40925.0
2009-04-01,41976.0
2009-04-02,43736.0
2009-04-03,44390.0
2009-04-06,44167.0
2009-04-07,43824.0
2009-04-08,44181.0
2009-04-09,45538.0
2009-04-13,45991.0
2009-04-14,45418.0
2009-04-15,45272.0
2009-04-16,46024.0
2009-04-17,45778.0
2009-04-20,44433.0
2009-04-22,44888.0
2009-04-23,45801.0
2009-04-24,46771.0
2009-04-27,45819.0
2009-04-28,45821.0
2009-04-29,47226.0
2009-04-30,47289.0
2009-05-04,50404.0
2009-05-05,50669.0
2009-05-06,51499.0
2009-05-07,50058.0
2009-05-08,51395.0
2009-05-11,50976.0
2009-05-12,50325.0
2009-05-13,48679.0
2009-05-14,49446.0
2009-05-15,49007.0
2009-05-18,51463.0
2009-05-19,51346.0
2009-05-20,51245.0
2009-05-21,50087.0
2009-05-22,50568.0
2009-05-25,50816.0
2009-05-26,51840.0
2009-05-27,51791.0
2009-05-28,53040.0
2009-05-29,53197.0
2009-06-01,54486.0
2009-06-02,53999.0
2009-06-03,52086.0
2009-06-04,53463.0
2009-06-05,53341.0
2009-06-08,53630.0
2009-06-09,53157.0
2009-06-10,53410.0
2009-06-12,53558.0
2009-06-15,52033.0
2009-06-16,51205.0
2009-06-17,51045.0
2009-06-18,50903.0
2009-06-19,51373.0
2009-06-22,49494.0
2009-06-23,49813.0
2009-06-24,49672.0
2009-06-25,51514.0
2009-06-26,51485.0
2009-06-29,52137.0
2009-06-30,51465.0
2009-07-01,51543.0
2009-07-02,51024.0
2009-07-03,50934.0
2009-07-06,50622.0
2009-07-07,49456.0
2009-07-08,49177.0
2009-07-10,49220.0
2009-07-13,49186.0
2009-07-14,48872.0
2009-07-15,51296.0
2009-07-16,51918.0
2009-07-17,52072.0
2009-07-20,53154.0
2009-07-21,53233.0
2009-07-22,53072.0
2009-07-23,54249.0
2009-07-24,54457.0
2009-07-27,54548.0
2009-07-28,54471.0
2009-07-29,53734.0
2009-07-30,54478.0
2009-07-31,54765.0
2009-08-03,55997.0
2009-08-04,56038.0
2009-08-05,56384.0
2009-08-06,55754.0
2009-08-07,56329.0
2009-08-10,56830.0
2009-08-11,55761.0
2009-08-12,56588.0
2009-08-13,57047.0
2009-08-14,56638.0
2009-08-17,55218.0
2009-08-18,55748.0
2009-08-19,56156.0
2009-08-20,56831.0
2009-08-21,57728.0
2009-08-24,57775.0
2009-08-25,57421.0
2009-08-26,57765.0
2009-08-27,57703.0
2009-08-28,57700.0
2009-08-31,56488.0
2009-09-01,55814.0
2009-09-02,55385.0
2009-09-03,55707.0
2009-09-04,56652.0
2009-09-08,57854.0
2009-09-09,57909.0
2009-09-10,58535.0
2009-09-11,58366.0
2009-09-14,58867.0
2009-09-15,59263.0
2009-09-16,60410.0
2009-09-17,60236.0
2009-09-18,60703.0
2009-09-21,60928.0
2009-09-22,61493.0
2009-09-23,60496.0
2009-09-24,60046.0
2009-09-25,60355.0
2009-09-28,61316.0
2009-09-29,61235.0
2009-09-30,61517.0
2009-10-01,60459.0
2009-10-02,61171.0
2009-10-05,62369.0
2009-10-06,62670.0
2009-10-07,62638.0
2009-10-08,63759.0
2009-10-09,64071.0
2009-10-13,64645.0
2009-10-14,66201.0
2009-10-15,66703.0
2009-10-16,66200.0
2009-10-19,67239.0
2009-10-20,65303.0
2009-10-21,65485.0
2009-10-22,66134.0
2009-10-23,65058.0
2009-10-26,65085.0
2009-10-27,63161.0
2009-10-28,60162.0
2009-10-29,63720.0
2009-10-30,61545.0
2009-11-03,62643.0
2009-11-04,63912.0
2009-11-05,64815.0
2009-11-06,64466.0
2009-11-09,66214.0
2009-11-10,66303.0
2009-11-11,66431.0
2009-11-12,64447.0
2009-11-13,65325.0
2009-11-16,66627.0
2009-11-17,67405.0
2009-11-18,66515.0
2009-11-19,66327.0
2009-11-23,66809.0
2009-11-24,67317.0
2009-11-25,67917.0
2009-11-26,66391.0
2009-11-27,67082.0
2009-11-30,67044.0
2009-12-01,68408.0
2009-12-02,68614.0
2009-12-03,68314.0
2009-12-04,67603.0
2009-12-07,68512.0
2009-12-08,67728.0
2009-12-09,68011.0
2009-12-10,68728.0
2009-12-11,69267.0
2009-12-14,69349.0
2009-12-15,69310.0
2009-12-16,68622.0
2009-12-17,67067.0
2009-12-18,66794.0
2009-12-21,65925.0
2009-12-22,67417.0
2009-12-23,67588.0
2009-12-28,67901.0
2009-12-29,68296.0
2009-12-30,68588.0
2010-01-04,70045.0
2010-01-05,70239.0
2010-01-06,70729.0
2010-01-07,70451.0
2010-01-08,70262.0
2010-01-11,70433.0
2010-01-12,70075.0
2010-01-13,70385.0
2010-01-14,69801.0
2010-01-15,68978.0
2010-01-18,69400.0
2010-01-19,69908.0
2010-01-20,68200.0
2010-01-21,66270.0
2010-01-22,66220.0
2010-01-26,65523.0
2010-01-27,65069.0
2010-01-28,65587.0
2010-01-29,65401.0
2010-02-01,66571.0
2010-02-02,67163.0
2010-02-03,67108.0
2010-02-04,63934.0
2010-02-05,62762.0
2010-02-08,63153.0
2010-02-09,64718.0
2010-02-10,65051.0
2010-02-11,66128.0
2010-02-12,65854.0
2010-02-17,67284.0
2010-02-18,67836.0
2010-02-19,67597.0
2010-02-22,67184.0
2010-02-23,66108.0
2010-02-24,65794.0
2010-02-25,66121.0
2010-02-26,66503.0
2010-03-01,67227.0
2010-03-02,67779.0
2010-03-03,67641.0
2010-03-04,67814.0
2010-03-05,68846.0
2010-03-08,68575.0
2010-03-09,69576.0
2010-03-10,69979.0
2010-03-11,69884.0
2010-03-12,69341.0
2010-03-15,69023.0
2010-03-16,69942.0
2010-03-17,69723.0
2010-03-18,69697.0
2010-03-19,68828.0
2010-03-22,69041.0
2010-03-23,69386.0
2010-03-24,68913.0
2010-03-25,68441.0
2010-03-26,68682.0
2010-03-29,69939.0
2010-03-30,69959.0
2010-03-31,70371.0
2010-04-01,71136.0
2010-04-05,71289.0
2010-04-06,71095.0
2010-04-07,70792.0
2010-04-08,71784.0
2010-04-09,71417.0
2010-04-12,70614.0
2010-04-13,70792.0
2010-04-14,71034.0
2010-04-15,70524.0
2010-04-16,69421.0
2010-04-19,69097.0
2010-04-20,69318.0
2010-04-22,69386.0
2010-04-23,69509.0
2010-04-26,68871.0
2010-04-27,66511.0
2010-04-28,66655.0
2010-04-29,67978.0
2010-04-30,67529.0
2010-05-03,67119.0
2010-05-04,64869.0
2010-05-05,64914.0
2010-05-06,63414.0
2010-05-07,62870.0
2010-05-10,65452.0
2010-05-11,64424.0
2010-05-12,65223.0
2010-05-13,64788.0
2010-05-14,63412.0
2010-05-17,62866.0
2010-05-18,60841.0
2010-05-19,59689.0
2010-05-20,58192.0
2010-05-21,60259.0
2010-05-24,59915.0
2010-05-25,59184.0
2010-05-26,60190.0
2010-05-27,62091.0
2010-05-28,61946.0
2010-05-31,63046.0
2010-06-01,61840.0
2010-06-02,62942.0
2010-06-04,61675.0
2010-06-07,61182.0
2010-06-08,61793.0
2010-06-09,61478.0
2010-06-10,63048.0
2010-06-11,63605.0
2010-06-14,63532.0
2010-06-15,64442.0
2010-06-16,64750.0
2010-06-17,64540.0
2010-06-18,64437.0
2010-06-21,64829.0
2010-06-22,64810.0
2010-06-23,65160.0
2010-06-24,63936.0
2010-06-25,64823.0
2010-06-28,64225.0
2010-06-29,61977.0
2010-06-30,60935.0
2010-07-01,61236.0
2010-07-02,61429.0
2010-07-05,60865.0
2010-07-06,62064.0
2010-07-07,63283.0
2010-07-08,63476.0
2010-07-12,62960.0
2010-07-13,63685.0
2010-07-14,63479.0
2010-07-15,63489.0
2010-07-16,62339.0
2010-07-19,63297.0
2010-07-20,64462.0
2010-07-21,64476.0
2010-07-22,65748.0
2010-07-23,66322.0
2010-07-26,66443.0
2010-07-27,66674.0
2010-07-28,66808.0
2010-07-29,66953.0
2010-07-30,67515.0
2010-08-02,68517.0
2010-08-03,67997.0
2010-08-04,68272.0
2010-08-05,68411.0
2010-08-06,68094.0
2010-08-09,67862.0
2010-08-10,67223.0
2010-08-11,65790.0
2010-08-12,65966.0
2010-08-13,66264.0
2010-08-16,66701.0
2010-08-17,67583.0
2010-08-18,67638.0
2010-08-19,66887.0
2010-08-20,66677.0
2010-08-23,65981.0
2010-08-24,65156.0
2010-08-25,64803.0
2010-08-26,63867.0
2010-08-27,65585.0
2010-08-30,64260.0
2010-08-31,65145.0
2010-09-01,67072.0
2010-09-02,66808.0
2010-09-03,66678.0
2010-09-06,66747.0
2010-09-08,66407.0
2010-09-09,66624.0
2010-09-10,66806.0
2010-09-13,68030.0
2010-09-14,67691.0
2010-09-15,68106.0
2010-09-16,67662.0
2010-09-17,67089.0
2010-09-20,68190.0
2010-09-21,67719.0
2010-09-22,68325.0
2010-09-23,68794.0
2010-09-24,68196.0
2010-09-27,68815.0
2010-09-28,69227.0
2010-09-29,69228.0
2010-09-30,69429.0
2010-10-01,70229.0
2010-10-04,70384.0
2010-10-05,71283.0
2010-10-06,70541.0
2010-10-07,69918.0
2010-10-08,70808.0
2010-10-11,70946.0
2010-10-13,71674.0
2010-10-14,71692.0
2010-10-15,71830.0
2010-10-18,71735.0
2010-10-19,69863.0
2010-10-20,70404.0
2010-10-21,69652.0
2010-10-22,69529.0
2010-10-25,69580.0
2010-10-26,70740.0
2010-10-27,70568.0
2010-10-28,70320.0
2010-10-29,70673.0
2010-11-01,71560.0
2010-11-03,71904.0
2010-11-04,72995.0
2010-11-05,72606.0
2010-11-08,72657.0
2010-11-09,71679.0
2010-11-10,71638.0
2010-11-11,71195.0
2010-11-12,70367.0
2010-11-16,69192.0
2010-11-17,69708.0
2010-11-18,70781.0
2010-11-19,70897.0
2010-11-22,69632.0
2010-11-23,67952.0
2010-11-24,69629.0
2010-11-25,69361.0
2010-11-26,68226.0
2010-11-29,67908.0
2010-11-30,67705.0
2010-12-01,69345.0
2010-12-02,69527.0
2010-12-03,69766.0
2010-12-06,69551.0
2010-12-07,69337.0
2010-12-08,68174.0
2010-12-09,67879.0
2010-12-10,68341.0
2010-12-13,69126.0
2010-12-14,68742.0
2010-12-15,67870.0
2010-12-16,67306.0
2010-12-17,67981.0
2010-12-20,67263.0
2010-12-21,68214.0
2010-12-22,68470.0
2010-12-23,68485.0
2010-12-27,67803.0
2010-12-28,68040.0
2010-12-29,68952.0
2010-12-30,69304.0
2011-01-03,69962.0
2011-01-04,70317.0
2011-01-05,71091.0
2011-01-06,70578.0
2011-01-07,70057.0
2011-01-10,70127.0
2011-01-11,70423.0
2011-01-12,71632.0
2011-01-13,70721.0
2011-01-14,70940.0
2011-01-17,70609.0
2011-01-18,70919.0
2011-01-19,70058.0
2011-01-20,69561.0
2011-01-21,69133.0
2011-01-24,69426.0
2011-01-26,68709.0
2011-01-27,68050.0
2011-01-28,66697.0
2011-01-31,66574.0
2011-02-01,67847.0
2011-02-02,66688.0
2011-02-03,66764.0
2011-02-04,65269.0
2011-02-07,65362.0
2011-02-08,65771.0
2011-02-09,64217.0
2011-02-10,64577.0
2011-02-11,65755.0
2011-02-14,66557.0
2011-02-15,66341.0
2011-02-16,67570.0
2011-02-17,67684.0
2011-02-18,68066.0
2011-02-21,67258.0
2011-02-22,66439.0
2011-02-23,66910.0
2011-02-24,66948.0
2011-02-25,66902.0
2011-02-28,67383.0
2011-03-01,66242.0
2011-03-02,67281.0
2011-03-03,68145.0
2011-03-04,68012.0
2011-03-09,67263.0
2011-03-10,66040.0
2011-03-11,66684.0
2011-03-14,67169.0
2011-03-15,67005.0
2011-03-16,66002.0
2011-03-17,66215.0
2011-03-18,66879.0
2011-03-21,66689.0
2011-03-22,67578.0
2011-03-23,67795.0
2011-03-24,67532.0
2011-03-25,67765.0
2011-03-28,67192.0
2011-03-29,67418.0
2011-03-30,67997.0
2011-03-31,68586.0
2011-04-01,69268.0
2011-04-04,69703.0
2011-04-05,69837.0
2011-04-06,69036.0
2011-04-07,69176.0
2011-04-08,68718.0
2011-04-11,68164.0
2011-04-12,66896.0
2011-04-13,66486.0
2011-04-14,66278.0
2011-04-15,66684.0
2011-04-18,65415.0
2011-04-19,66158.0
2011-04-20,67058.0
2011-04-25,66972.0
2011-04-26,67144.0
2011-04-27,66264.0
2011-04-28,65673.0
2011-04-29,66132.0
2011-05-02,65462.0
2011-05-03,64318.0
2011-05-04,63615.0
2011-05-05,63407.0
2011-05-06,64417.0
2011-05-09,64621.0
2011-05-10,64876.0
2011-05-11,63775.0
2011-05-12,64003.0
2011-05-13,63235.0
2011-05-16,62829.0
2011-05-17,63673.0
2011-05-18,62840.0
2011-05-19,62367.0
2011-05-20,62596.0
2011-05-23,62345.0
2011-05-24,63336.0
2011-05-25,63388.0
2011-05-26,64098.0
2011-05-27,64294.0
2011-05-30,63953.0
2011-05-31,64620.0
2011-06-01,63411.0
2011-06-02,64218.0
2011-06-03,64340.0
2011-06-06,63067.0
2011-06-07,63217.0
2011-06-08,63032.0
2011-06-09,63468.0
2011-06-10,62697.0
2011-06-13,62022.0
2011-06-14,62204.0
2011-06-15,61603.0
2011-06-16,60880.0
2011-06-17,61059.0
2011-06-20,61168.0
2011-06-21,61423.0
2011-06-22,61194.0
2011-06-24,61016.0
2011-06-27,61216.0
2011-06-28,62303.0
2011-06-29,62333.0
2011-06-30,62403.0
2011-07-01,63394.0
2011-07-04,63891.0
2011-07-05,63038.0
2011-07-06,62565.0
2011-07-07,62207.0
2011-07-08,61513.0
2011-07-11,60223.0
2011-07-12,59704.0
2011-07-13,60669.0
2011-07-14,59679.0
2011-07-15,59478.0
2011-07-18,58837.0
2011-07-19,59082.0
2011-07-20,59119.0
2011-07-21,60262.0
2011-07-22,60270.0
2011-07-25,59970.0
2011-07-26,59339.0
2011-07-27,58288.0
2011-07-28,58708.0
2011-07-29,58823.0
2011-08-01,58535.0
2011-08-02,57310.0
2011-08-03,56017.0
2011-08-04,52811.0
2011-08-05,52949.0
2011-08-08,48668.0
2011-08-09,51150.0
2011-08-10,51395.0
2011-08-11,53343.0
2011-08-12,53473.0
2011-08-15,54651.0
2011-08-16,54323.0
2011-08-17,55073.0
2011-08-18,53134.0
2011-08-19,52447.0
2011-08-22,52440.0
2011-08-23,53786.0
2011-08-24,53795.0
2011-08-25,52953.0
2011-08-26,53350.0
2011-08-29,54860.0
2011-08-30,55385.0
2011-08-31,56495.0
2011-09-01,58118.0
2011-09-02,56531.0
2011-09-05,54998.0
2011-09-06,56607.0
2011-09-08,57623.0
2011-09-09,55778.0
2011-09-12,55685.0
2011-09-13,55543.0
2011-09-14,56286.0
2011-09-15,56381.0
2011-09-16,57210.0
2011-09-19,57102.0
2011-09-20,56378.0
2011-09-21,55981.0
2011-09-22,53280.0
2011-09-23,53230.0
2011-09-26,53747.0
2011-09-27,53920.0
2011-09-28,53270.0
2011-09-29,53384.0
2011-09-30,52324.0
2011-10-03,50791.0
2011-10-04,50686.0
2011-10-05,51013.0
2011-10-06,52290.0
2011-10-07,51243.0
2011-10-10,53273.0
2011-10-11,53838.0
2011-10-13,54601.0
2011-10-14,55030.0
2011-10-17,53911.0
2011-10-18,55031.0
2011-10-19,54966.0
2011-10-20,54009.0
2011-10-21,55255.0
2011-10-24,56891.0
2011-10-25,56285.0
2011-10-26,57143.0
2011-10-27,59270.0
2011-10-28,59513.0
2011-10-31,58338.0
2011-11-01,57322.0
2011-11-03,58196.0
2011-11-04,58669.0
2011-11-07,59198.0
2011-11-08,59026.0
2011-11-09,57549.0
2011-11-10,57321.0
2011-11-11,58546.0
2011-11-14,58258.0
2011-11-16,58559.0
2011-11-17,56988.0
2011-11-18,56731.0
2011-11-21,56284.0
2011-11-22,55878.0
2011-11-23,54972.0
2011-11-24,55279.0
2011-11-25,54894.0
2011-11-28,56017.0
2011-11-29,55299.0
2011-11-30,56874.0
2011-12-01,58143.0
2011-12-02,57885.0
2011-12-05,58910.0
2011-12-06,59536.0
2011-12-07,58662.0
2011-12-08,57455.0
2011-12-09,58236.0
2011-12-12,57346.0
2011-12-13,57494.0
2011-12-14,56646.0
2011-12-15,56331.0
2011-12-16,56096.0
2011-12-19,55298.0
2011-12-20,56864.0
2011-12-21,56653.0
2011-12-22,57347.0
2011-12-23,57701.0
2011-12-26,57669.0
2011-12-27,58005.0
2011-12-28,56533.0
2011-12-29,56754.0
2012-01-02,57829.0
2012-01-03,59264.0
2012-01-04,59364.0
2012-01-05,58546.0
2012-01-06,58600.0
2012-01-09,59082.0
2012-01-10,59805.0
2012-01-11,59962.0
2012-01-12,59920.0
2012-01-13,59146.0
2012-01-16,59956.0
2012-01-17,60645.0
2012-01-18,61722.0
2012-01-19,61926.0
2012-01-20,62312.0
2012-01-23,62386.0
2012-01-24,62486.0
2012-01-26,62953.0
2012-01-27,62904.0
2012-01-30,62770.0
2012-01-31,63072.0
2012-02-01,64567.0
2012-02-02,64593.0
2012-02-03,65217.0
2012-02-06,65223.0
2012-02-07,65917.0
2012-02-08,65831.0
2012-02-09,65530.0
2012-02-10,63997.0
2012-02-13,65691.0
2012-02-14,65038.0
2012-02-15,65368.0
2012-02-16,66141.0
2012-02-17,66203.0
2012-02-22,66092.0
2012-02-23,65819.0
2012-02-24,65942.0
2012-02-27,65241.0
2012-02-28,65958.0
2012-02-29,65811.0
2012-03-01,66809.0
2012-03-02,67781.0
2012-03-05,66964.0
2012-03-06,65114.0
2012-03-07,66016.0
2012-03-08,66908.0
2012-03-09,66703.0
2012-03-12,66384.0
2012-03-13,68394.0
2012-03-14,68257.0
2012-03-15,67749.0
2012-03-16,67684.0
2012-03-19,67730.0
2012-03-20,67295.0
2012-03-21,66860.0
2012-03-22,65828.0
2012-03-23,65812.0
2012-03-26,66684.0
2012-03-27,66037.0
2012-03-28,65079.0
2012-03-29,64871.0
2012-03-30,64510.0
2012-04-02,65216.0
2012-04-03,64284.0
2012-04-04,63528.0
2012-04-05,63691.0
2012-04-09,62923.0
2012-04-10,61738.0
2012-04-11,61293.0
2012-04-12,63058.0
2012-04-13,62105.0
2012-04-16,61954.0
2012-04-17,62698.0
2012-04-18,63010.0
2012-04-19,62618.0
2012-04-20,62494.0
2012-04-23,61539.0
2012-04-24,61971.0
2012-04-25,61750.0
2012-04-26,62198.0
2012-04-27,61691.0
2012-04-30,61820.0
2012-05-02,62423.0
2012-05-03,62104.0
2012-05-04,60820.0
2012-05-07,61220.0
2012-05-08,60365.0
2012-05-09,59786.0
2012-05-10,59702.0
2012-05-11,59445.0
2012-05-14,57539.0
2012-05-15,56237.0
2012-05-16,55887.0
2012-05-17,54038.0
2012-05-18,54513.0
2012-05-21,56590.0
2012-05-22,55038.0
2012-05-23,54619.0
2012-05-24,54063.0
2012-05-25,54463.0
2012-05-28,55212.0
2012-05-29,54633.0
2012-05-30,53797.0
2012-05-31,54490.0
2012-06-01,53402.0
2012-06-04,53416.0
2012-06-05,52481.0
2012-06-06,54156.0
2012-06-08,54429.0
2012-06-11,54001.0
2012-06-12,55049.0
2012-06-13,55650.0
2012-06-14,55351.0
2012-06-15,56104.0
2012-06-18,56195.0
2012-06-19,57195.0
2012-06-20,57166.0
2012-06-21,55505.0
2012-06-22,55439.0
2012-06-25,53805.0
2012-06-26,53836.0
2012-06-27,53108.0
2012-06-28,52652.0
2012-06-29,54354.0
2012-07-02,54692.0
2012-07-03,55780.0
2012-07-04,56076.0
2012-07-05,56379.0
2012-07-06,55394.0
2012-07-10,53705.0
2012-07-11,53569.0
2012-07-12,53420.0
2012-07-13,54330.0
2012-07-16,53401.0
2012-07-17,53909.0
2012-07-18,54583.0
2012-07-19,55346.0
2012-07-20,54194.0
2012-07-23,53033.0
2012-07-24,52638.0
2012-07-25,52607.0
2012-07-26,54002.0
2012-07-27,56553.0
2012-07-30,57240.0
2012-07-31,56097.0
2012-08-01,56291.0
2012-08-02,55520.0
2012-08-03,57255.0
2012-08-06,58344.0
2012-08-07,57725.0
2012-08-08,58950.0
2012-08-09,58797.0
2012-08-10,59280.0
2012-08-13,59122.0
2012-08-14,58082.0
2012-08-15,58189.0
2012-08-16,59445.0
2012-08-17,59082.0
2012-08-20,59283.0
2012-08-21,58917.0
2012-08-22,59380.0
2012-08-23,58511.0
2012-08-24,58425.0
2012-08-27,58111.0
2012-08-28,58406.0
2012-08-29,57369.0
2012-08-30,57256.0
2012-08-31,57061.0
2012-09-03,57281.0
2012-09-04,56233.0
2012-09-05,56863.0
2012-09-06,58321.0
2012-09-10,58404.0
2012-09-11,59422.0
2012-09-12,59921.0
2012-09-13,61958.0
2012-09-14,62105.0
2012-09-17,61805.0
2012-09-18,61804.0
2012-09-19,61651.0
2012-09-20,61687.0
2012-09-21,61320.0
2012-09-24,61909.0
2012-09-25,60501.0
2012-09-26,60478.0
2012-09-27,60239.0
2012-09-28,59175.0
2012-10-01,59570.0
2012-10-02,59222.0
2012-10-03,58627.0
2012-10-04,58458.0
2012-10-05,58571.0
2012-10-08,59317.0
2012-10-09,58939.0
2012-10-10,58456.0
2012-10-11,59161.0
2012-10-15,59601.0
2012-10-16,59743.0
2012-10-17,60087.0
2012-10-18,59733.0
2012-10-19,58922.0
2012-10-22,58700.0
2012-10-23,57690.0
2012-10-24,57160.0
2012-10-25,57836.0
2012-10-26,57276.0
2012-10-29,57176.0
2012-10-30,57683.0
2012-10-31,57068.0
2012-11-01,58382.0
2012-11-05,58209.0
2012-11-06,59458.0
2012-11-07,58517.0
2012-11-08,57524.0
2012-11-09,57357.0
2012-11-12,57064.0
2012-11-13,57486.0
2012-11-14,56279.0
2012-11-16,55402.0
2012-11-19,56450.0
2012-11-21,56242.0
2012-11-22,56436.0
2012-11-23,57574.0
2012-11-26,56737.0
2012-11-27,56248.0
2012-11-28,56539.0
2012-11-29,57852.0
2012-11-30,57474.0
2012-12-03,58202.0
2012-12-04,57563.0
2012-12-05,57678.0
2012-12-06,57656.0
2012-12-07,58487.0
2012-12-10,59248.0
2012-12-11,59623.0
2012-12-12,59474.0
2012-12-13,59316.0
2012-12-14,59604.0
2012-12-17,59566.0
2012-12-18,60460.0
2012-12-19,60998.0
2012-12-20,61276.0
2012-12-21,61007.0
2012-12-26,60959.0
2012-12-27,60415.0
2012-12-28,60952.0
2013-01-02,62550.0
2013-01-03,63312.0
2013-01-04,62523.0
2013-01-07,61932.0
2013-01-08,61127.0
2013-01-09,61578.0
2013-01-10,61678.0
2013-01-11,61497.0
2013-01-14,62080.0
2013-01-15,61727.0
2013-01-16,61787.0
2013-01-17,62194.0
2013-01-18,61956.0
2013-01-21,61899.0
2013-01-22,61692.0
2013-01-23,61966.0
2013-01-24,61169.0
2013-01-28,60027.0
2013-01-29,60406.0
2013-01-30,59336.0
2013-01-31,59761.0
2013-02-01,60351.0
2013-02-04,59575.0
2013-02-05,59444.0
2013-02-06,58951.0
2013-02-07,58372.0
2013-02-08,58497.0
2013-02-13,58405.0
2013-02-14,58077.0
2013-02-15,57903.0
2013-02-18,57613.0
2013-02-19,57314.0
2013-02-20,56177.0
2013-02-21,56154.0
2013-02-22,56697.0
2013-02-25,56617.0
2013-02-26,56948.0
2013-02-27,57273.0
2013-02-28,57424.0
2013-03-01,56883.0
2013-03-04,56499.0
2013-03-05,55950.0
2013-03-06,57940.0
2013-03-07,58846.0
2013-03-08,58432.0
2013-03-11,58544.0
2013-03-12,58208.0
2013-03-13,57385.0
2013-03-14,57281.0
2013-03-15,56869.0
2013-03-18,56972.0
2013-03-19,56361.0
2013-03-20,56030.0
2013-03-21,55576.0
2013-03-22,55243.0
2013-03-25,54873.0
2013-03-26,55671.0
2013-03-27,56034.0
2013-03-28,56352.0
2013-04-01,55902.0
2013-04-02,54889.0
2013-04-03,55562.0
2013-04-04,54648.0
2013-04-05,55050.0
2013-04-08,55092.0
2013-04-09,55912.0
2013-04-10,56186.0
2013-04-11,55400.0
2013-04-12,54962.0
2013-04-15,52949.0
2013-04-16,53990.0
2013-04-17,52881.0
2013-04-18,53165.0
2013-04-19,53928.0
2013-04-22,54297.0
2013-04-23,54884.0
2013-04-24,54984.0
2013-04-25,54963.0
2013-04-26,54252.0
2013-04-29,54887.0
2013-04-30,55910.0
2013-05-02,55321.0
2013-05-03,55488.0
2013-05-06,55429.0
2013-05-07,56274.0
2013-05-08,55804.0
2013-05-09,55447.0
2013-05-10,55107.0
2013-05-13,54447.0
2013-05-14,54666.0
2013-05-15,54936.0
2013-05-16,54772.0
2013-05-17,55164.0
2013-05-20,55700.0
2013-05-21,56265.0
2013-05-22,56429.0
2013-05-23,56349.0
2013-05-24,56406.0
2013-05-27,56395.0
2013-05-28,56036.0
2013-05-29,54634.0
2013-05-31,53506.0
2013-06-03,53944.0
2013-06-04,54017.0
2013-06-05,52798.0
2013-06-06,52884.0
2013-06-07,51618.0
2013-06-10,51316.0
2013-06-11,49769.0
2013-06-12,49180.0
2013-06-13,50414.0
2013-06-14,49332.0
2013-06-17,49088.0
2013-06-18,49464.0
2013-06-19,47893.0
2013-06-20,48214.0
2013-06-21,47056.0
2013-06-24,45965.0
2013-06-25,46893.0
2013-06-26,47171.0
2013-06-27,47609.0
2013-06-28,47457.0
2013-07-01,47229.0
2013-07-02,45228.0
2013-07-03,45044.0
2013-07-04,45763.0
2013-07-05,45210.0
2013-07-08,45075.0
2013-07-10,45483.0
2013-07-11,46626.0
2013-07-12,45533.0
2013-07-15,46738.0
2013-07-16,46869.0
2013-07-17,47407.0
2013-07-18,47656.0
2013-07-19,47400.0
2013-07-22,48574.0
2013-07-23,48819.0
2013-07-24,48374.0
2013-07-25,49066.0
2013-07-26,49422.0
2013-07-29,49212.0
2013-07-30,48561.0
2013-07-31,48234.0
2013-08-01,49140.0
2013-08-02,48474.0
2013-08-05,48436.0
2013-08-06,47421.0
2013-08-07,47446.0
2013-08-08,48928.0
2013-08-09,49874.0
2013-08-12,50299.0
2013-08-13,50600.0
2013-08-14,50895.0
2013-08-15,50908.0
2013-08-16,51538.0
2013-08-19,51574.0
2013-08-20,50507.0
2013-08-21,50405.0
2013-08-22,51397.0
2013-08-23,52197.0
2013-08-26,51429.0
2013-08-27,50091.0
2013-08-28,49866.0
2013-08-29,49921.0
2013-08-30,50011.0
2013-09-02,51835.0
2013-09-03,51625.0
2013-09-04,51716.0
2013-09-05,52351.0
2013-09-06,53749.0
2013-09-09,54251.0
2013-09-10,53979.0
2013-09-11,53570.0
2013-09-12,53307.0
2013-09-13,53797.0
2013-09-16,53821.0
2013-09-17,54271.0
2013-09-18,55702.0
2013-09-19,55095.0
2013-09-20,54110.0
2013-09-23,54602.0
2013-09-24,54431.0
2013-09-25,54261.0
2013-09-26,53782.0
2013-09-27,53738.0
2013-09-30,52338.0
2013-10-01,53179.0
2013-10-02,53100.0
2013-10-03,52489.0
2013-10-04,52848.0
2013-10-07,52417.0
2013-10-08,52312.0
2013-10-09,52547.0
2013-10-10,52996.0
2013-10-11,53149.0
2013-10-14,54170.0
2013-10-15,54980.0
2013-10-16,55973.0
2013-10-17,55358.0
2013-10-18,55378.0
2013-10-21,56077.0
2013-10-22,56460.0
2013-10-23,55440.0
2013-10-24,54877.0
2013-10-25,54154.0
2013-10-28,55073.0
2013-10-29,54538.0
2013-10-30,54172.0
2013-10-31,54256.0
2013-11-01,54013.0
2013-11-04,54436.0
2013-11-05,53831.0
2013-11-06,53384.0
2013-11-07,52740.0
2013-11-08,52248.0
2013-11-11,52623.0
2013-11-12,51804.0
2013-11-13,52230.0
2013-11-14,53451.0
2013-11-18,54307.0
2013-11-19,53032.0
2013-11-21,52688.0
2013-11-22,52800.0
2013-11-25,52263.0
2013-11-26,51446.0
2013-11-27,51861.0
2013-11-28,51846.0
2013-11-29,52482.0
2013-12-02,51244.0
2013-12-03,50348.0
2013-12-04,50215.0
2013-12-05,50787.0
2013-12-06,50944.0
2013-12-09,51165.0
2013-12-10,50993.0
2013-12-11,50067.0
2013-12-12,50121.0
2013-12-13,50051.0
2013-12-16,50279.0
2013-12-17,50090.0
2013-12-18,50563.0
2013-12-19,51633.0
2013-12-20,51185.0
2013-12-23,51356.0
2013-12-26,51221.0
2013-12-27,51266.0
2013-12-30,51507.0
2014-01-02,50341.0
2014-01-03,50981.0
2014-01-06,50973.0
2014-01-07,50430.0
2014-01-08,50576.0
2014-01-09,49321.0
2014-01-10,49696.0
2014-01-13,49426.0
2014-01-14,49703.0
2014-01-15,50105.0
2014-01-16,49696.0
2014-01-17,49181.0
2014-01-20,48708.0
2014-01-21,48542.0
2014-01-22,49299.0
2014-01-23,48320.0
2014-01-24,47787.0
2014-01-27,47701.0
2014-01-28,47840.0
2014-01-29,47556.0
2014-01-30,47244.0
2014-01-31,47638.0
2014-02-03,46147.0
2014-02-04,46964.0
2014-02-05,46624.0
2014-02-06,47738.0
2014-02-07,48073.0
2014-02-10,47710.0
2014-02-11,48462.0
2014-02-12,48216.0
2014-02-13,47812.0
2014-02-14,48201.0
2014-02-17,47576.0
2014-02-18,46599.0
2014-02-19,47150.0
2014-02-20,47288.0
2014-02-21,47380.0
2014-02-24,47393.0
2014-02-25,46715.0
2014-02-26,46599.0
2014-02-27,47606.0
2014-02-28,47094.0
2014-03-05,46589.0
2014-03-06,47093.0
2014-03-07,46244.0
2014-03-10,45533.0
2014-03-11,45697.0
2014-03-12,45861.0
2014-03-13,45443.0
2014-03-14,44965.0
2014-03-17,45117.0
2014-03-18,46150.0
2014-03-19,46567.0
2014-03-20,47278.0
2014-03-21,47380.0
2014-03-24,47993.0
2014-03-25,48180.0
2014-03-26,47965.0
2014-03-27,49646.0
2014-03-28,49768.0
2014-03-31,50414.0
2014-04-01,50270.0
2014-04-02,51701.0
2014-04-03,51408.0
2014-04-04,51081.0
2014-04-07,52155.0
2014-04-08,51629.0
2014-04-09,51185.0
2014-04-10,51127.0
2014-04-11,51867.0
2014-04-14,51596.0
2014-04-15,50454.0
2014-04-16,51200.0
2014-04-17,52111.0
2014-04-22,51976.0
2014-04-23,51569.0
2014-04-24,51817.0
2014-04-25,51399.0
2014-04-28,51383.0
2014-04-29,51838.0
2014-04-30,51626.0
2014-05-02,52980.0
2014-05-05,53446.0
2014-05-06,53779.0
2014-05-07,54052.0
2014-05-08,53422.0
2014-05-09,53100.0
2014-05-12,54052.0
2014-05-13,53907.0
2014-05-14,54412.0
2014-05-15,53855.0
2014-05-16,53975.0
2014-05-19,53353.0
2014-05-20,52366.0
2014-05-21,52203.0
2014-05-22,52806.0
2014-05-23,52626.0
2014-05-26,52932.0
2014-05-27,52173.0
2014-05-28,52639.0
2014-05-29,52239.0
2014-05-30,51239.0
2014-06-02,51605.0
2014-06-03,52032.0
2014-06-04,51832.0
2014-06-05,51558.0
2014-06-06,53128.0
2014-06-09,54273.0
2014-06-10,54604.0
2014-06-11,55102.0
2014-06-13,54806.0
2014-06-16,54629.0
2014-06-17,54299.0
2014-06-18,55202.0
2014-06-20,54638.0
2014-06-23,54210.0
2014-06-24,54280.0
2014-06-25,53425.0
2014-06-26,53506.0
2014-06-27,53157.0
2014-06-30,53168.0
2014-07-01,53171.0
2014-07-02,53028.0
2014-07-03,53874.0
2014-07-04,54055.0
2014-07-07,53801.0
2014-07-08,53634.0
2014-07-10,54592.0
2014-07-11,54785.0
2014-07-14,55743.0
2014-07-15,55973.0
2014-07-16,55717.0
2014-07-17,55637.0
2014-07-18,57012.0
2014-07-21,57633.0
2014-07-22,57983.0
2014-07-23,57419.0
2014-07-24,57977.0
2014-07-25,57821.0
2014-07-28,57695.0
2014-07-29,57118.0
2014-07-30,56877.0
2014-07-31,55829.0
2014-08-01,55902.0
2014-08-04,56616.0
2014-08-05,56202.0
2014-08-06,56487.0
2014-08-07,56188.0
2014-08-08,55572.0
2014-08-11,56613.0
2014-08-12,56442.0
2014-08-13,55581.0
2014-08-14,55780.0
2014-08-15,56963.0
2014-08-18,57560.0
2014-08-19,58449.0
2014-08-20,58878.0
2014-08-21,58992.0
2014-08-22,58407.0
2014-08-25,59735.0
2014-08-26,59821.0
2014-08-27,60950.0
2014-08-28,60290.0
2014-08-29,61288.0
2014-09-01,61141.0
2014-09-02,61895.0
2014-09-03,61837.0
2014-09-04,60800.0
2014-09-05,60681.0
2014-09-08,59192.0
2014-09-09,58676.0
2014-09-10,58198.0
2014-09-11,58337.0
2014-09-12,56927.0
2014-09-15,57948.0
2014-09-16,59114.0
2014-09-17,59108.0
2014-09-18,58374.0
2014-09-19,57788.0
2014-09-22,56818.0
2014-09-23,56540.0
2014-09-24,56824.0
2014-09-25,55962.0
2014-09-26,57212.0
2014-09-29,54625.0
2014-09-30,54115.0
2014-10-01,52858.0
2014-10-02,53518.0
2014-10-03,54539.0
2014-10-06,57115.0
2014-10-07,57436.0
2014-10-08,57058.0
2014-10-09,57267.0
2014-10-10,55311.0
2014-10-13,57956.0
2014-10-14,58015.0
2014-10-15,56135.0
2014-10-16,54298.0
2014-10-17,55723.0
2014-10-20,54302.0
2014-10-21,52432.0
2014-10-22,52411.0
2014-10-23,50713.0
2014-10-24,51940.0
2014-10-27,50503.0
2014-10-28,52330.0
2014-10-29,51049.0
2014-10-30,52336.0
2014-10-31,54628.0
2014-11-03,53947.0
2014-11-04,54383.0
2014-11-05,53698.0
2014-11-06,52637.0
2014-11-07,53222.0
2014-11-10,52725.0
2014-11-11,52474.0
2014-11-12,52978.0
2014-11-13,51846.0
2014-11-14,51772.0
2014-11-17,51256.0
2014-11-18,52061.0
2014-11-19,53402.0
2014-11-21,56084.0
2014-11-24,55406.0
2014-11-25,55560.0
2014-11-26,55098.0
2014-11-27,54721.0
2014-11-28,54724.0
2014-12-01,52276.0
2014-12-02,51612.0
2014-12-03,52320.0
2014-12-04,51426.0
2014-12-05,51992.0
2014-12-08,50274.0
2014-12-09,50193.0
2014-12-10,49548.0
2014-12-11,49861.0
2014-12-12,48001.0
2014-12-15,47018.0
2014-12-16,47007.0
2014-12-17,48713.0
2014-12-18,48495.0
2014-12-19,49650.0
2014-12-22,50120.0
2014-12-23,50889.0
2014-12-26,50144.0
2014-12-29,50593.0
2014-12-30,50007.0
2015-01-02,48512.0
2015-01-05,47516.0
2015-01-06,48000.0
2015-01-07,49462.0
2015-01-08,49943.0
2015-01-09,48840.0
2015-01-12,48139.0
2015-01-13,48041.0
2015-01-14,47645.0
2015-01-15,48026.0
2015-01-16,49016.0
2015-01-19,47758.0
2015-01-20,47876.0
2015-01-21,49224.0
2015-01-22,49442.0
2015-01-23,48775.0
2015-01-26,48576.0
2015-01-27,48591.0
2015-01-28,47694.0
2015-01-29,47762.0
2015-01-30,46907.0
2015-02-02,47650.0
2015-02-03,48963.0
2015-02-04,49301.0
2015-02-05,49233.0
2015-02-06,48792.0
2015-02-09,49382.0
2015-02-10,48510.0
2015-02-11,48239.0
2015-02-12,49532.0
2015-02-13,50635.0
2015-02-18,51280.0
2015-02-19,51294.0
2015-02-20,51237.0
2015-02-23,51280.0
2015-02-24,51874.0
2015-02-25,51811.0
2015-02-26,51760.0
2015-02-27,51583.0
2015-03-02,51020.0
2015-03-03,51304.0
2015-03-04,50468.0
2015-03-05,50365.0
2015-03-06,49981.0
2015-03-09,49181.0
2015-03-10,48293.0
2015-03-11,48905.0
2015-03-12,48880.0
2015-03-13,48595.0
2015-03-16,48848.0
2015-03-17,50285.0
2015-03-18,51526.0
2015-03-19,50953.0
2015-03-20,51966.0
2015-03-23,51908.0
2015-03-24,51506.0
2015-03-25,51858.0
2015-03-26,50579.0
2015-03-27,50094.0
2015-03-30,51243.0
2015-03-31,51150.0
2015-04-01,52321.0
2015-04-02,53123.0
2015-04-06,53737.0
2015-04-07,53729.0
2015-04-08,53661.0
2015-04-09,53802.0
2015-04-10,54214.0
2015-04-13,54239.0
2015-04-14,53981.0
2015-04-15,54918.0
2015-04-16,54674.0
2015-04-17,53954.0
2015-04-20,53761.0
2015-04-22,54617.0
2015-04-23,55684.0
2015-04-24,56594.0
2015-04-27,55534.0
2015-04-28,55812.0
2015-04-29,55325.0
2015-04-30,56229.0
2015-05-04,57353.0
2015-05-05,58051.0
2015-05-06,57103.0
2015-05-07,56921.0
2015-05-08,57149.0
2015-05-11,57197.0
2015-05-12,56792.0
2015-05-13,56372.0
2015-05-14,56656.0
2015-05-15,57248.0
2015-05-18,56204.0
2015-05-19,55498.0
2015-05-20,54901.0
2015-05-21,55112.0
2015-05-22,54377.0
2015-05-25,54609.0
2015-05-26,53629.0
2015-05-27,54236.0
2015-05-28,53976.0
2015-05-29,52760.0
2015-06-01,53031.0
2015-06-02,54236.0
2015-06-03,53522.0
2015-06-05,52973.0
2015-06-08,52809.0
2015-06-09,52815.0
2015-06-10,53876.0
2015-06-11,53688.0
2015-06-12,53347.0
2015-06-15,53137.0
2015-06-16,53702.0
2015-06-17,53248.0
2015-06-18,54238.0
2015-06-19,53749.0
2015-06-22,53863.0
2015-06-23,53772.0
2015-06-24,53842.0
2015-06-25,53175.0
2015-06-26,54016.0
2015-06-29,53014.0
2015-06-30,53080.0
2015-07-01,52757.0
2015-07-02,53106.0
2015-07-03,52519.0
2015-07-06,52149.0
2015-07-07,52343.0
2015-07-08,51781.0
2015-07-10,52590.0
2015-07-13,53119.0
2015-07-14,53239.0
2015-07-15,52902.0
2015-07-16,53069.0
2015-07-17,52341.0
2015-07-20,51600.0
2015-07-21,51474.0
2015-07-22,50915.0
2015-07-23,49806.0
2015-07-24,49245.0
2015-07-27,48735.0
2015-07-28,49601.0
2015-07-29,50245.0
2015-07-30,49897.0
2015-07-31,50864.0
2015-08-03,50138.0
2015-08-04,50058.0
2015-08-05,50287.0
2015-08-06,50011.0
2015-08-07,48577.0
2015-08-10,49353.0
2015-08-11,49072.0
2015-08-12,48388.0
2015-08-13,48009.0
2015-08-14,47508.0
2015-08-17,47217.0
2015-08-18,47450.0
2015-08-19,46588.0
2015-08-20,46649.0
2015-08-21,45719.0
2015-08-24,44336.0
2015-08-25,44544.0
2015-08-26,46038.0
2015-08-27,47715.0
2015-08-28,47153.0
2015-08-31,46625.0
2015-09-01,45477.0
2015-09-02,46463.0
2015-09-03,47365.0
2015-09-04,46497.0
2015-09-08,46762.0
2015-09-09,46657.0
2015-09-10,46503.0
2015-09-11,46400.0
2015-09-14,47281.0
2015-09-15,47364.0
2015-09-16,48553.0
2015-09-17,48551.0
2015-09-18,47264.0
2015-09-21,46590.0
2015-09-22,46264.0
2015-09-23,45340.0
2015-09-24,45291.0
2015-09-25,44831.0
2015-09-28,43956.0
2015-09-29,44131.0
2015-09-30,45059.0
2015-10-01,45313.0
2015-10-02,47033.0
2015-10-05,47598.0
2015-10-06,47735.0
2015-10-07,48914.0
2015-10-08,49106.0
2015-10-09,49338.0
2015-10-13,47362.0
2015-10-14,46710.0
2015-10-15,47161.0
2015-10-16,47236.0
2015-10-19,47447.0
2015-10-20,47076.0
2015-10-21,47025.0
2015-10-22,47772.0
2015-10-23,47596.0
2015-10-26,47209.0
2015-10-27,47042.0
2015-10-28,46740.0
2015-10-29,45628.0
2015-10-30,45868.0
2015-11-03,48053.0
2015-11-04,47710.0
2015-11-05,48046.0
2015-11-06,46918.0
2015-11-09,46194.0
2015-11-10,46206.0
2015-11-11,47065.0
2015-11-12,46883.0
2015-11-13,46517.0
2015-11-16,46846.0
2015-11-17,47247.0
2015-11-18,47435.0
2015-11-19,48138.0
2015-11-23,48150.0
2015-11-24,48284.0
2015-11-25,46866.0
2015-11-26,47145.0
2015-11-27,45872.0
2015-11-30,45120.0
2015-12-01,45046.0
2015-12-02,44914.0
2015-12-03,46393.0
2015-12-04,45360.0
2015-12-07,45222.0
2015-12-08,44443.0
2015-12-09,46108.0
2015-12-10,45630.0
2015-12-11,45262.0
2015-12-14,44747.0
2015-12-15,44872.0
2015-12-16,45015.0
2015-12-17,45261.0
2015-12-18,43910.0
2015-12-21,43199.0
2015-12-22,43469.0
2015-12-23,44014.0
2015-12-28,43764.0
2015-12-29,43653.0
2015-12-30,43349.0
2016-01-04,42141.0
2016-01-05,42419.0
2016-01-06,41773.0
2016-01-07,40694.0
2016-01-08,40612.0
2016-01-11,39950.0
2016-01-12,39513.0
2016-01-13,38944.0
2016-01-14,39500.0
2016-01-15,38569.0
2016-01-18,37937.0
2016-01-19,38057.0
2016-01-20,37645.0
2016-01-21,37717.0
2016-01-22,38031.0
2016-01-26,37497.0
2016-01-27,38376.0
2016-01-28,38630.0
2016-01-29,40405.0
2016-02-01,40570.0
2016-02-02,38596.0
2016-02-03,39588.0
2016-02-04,40821.0
2016-02-05,40592.0
2016-02-10,40376.0
2016-02-11,39318.0
2016-02-12,39808.0
2016-02-15,40092.0
2016-02-16,40947.0
2016-02-17,41630.0
2016-02-18,41477.0
2016-02-19,41543.0
2016-02-22,43234.0
2016-02-23,42520.0
2016-02-24,42084.0
2016-02-25,41887.0
2016-02-26,41593.0
2016-02-29,42793.0
2016-03-01,44121.0
2016-03-02,44893.0
2016-03-03,47193.0
2016-03-04,49084.0
2016-03-07,49246.0
2016-03-08,49102.0
2016-03-09,48665.0
2016-03-10,49571.0
2016-03-11,49638.0
2016-03-14,48867.0
2016-03-15,47130.0
2016-03-16,47763.0
2016-03-17,50913.0
2016-03-18,50814.0
2016-03-21,51171.0
2016-03-22,51010.0
2016-03-23,49690.0
2016-03-24,49657.0
2016-03-28,50838.0
2016-03-29,51154.0
2016-03-30,51248.0
2016-03-31,50055.0
2016-04-01,50561.0
2016-04-04,48779.0
2016-04-05,49053.0
2016-04-06,48096.0
2016-04-07,48513.0
2016-04-08,50292.0
2016-04-11,50165.0
2016-04-12,52001.0
2016-04-13,53149.0
2016-04-14,52411.0
2016-04-15,53227.0
2016-04-18,52894.0
2016-04-19,53710.0
2016-04-20,53630.0
2016-04-22,52907.0
2016-04-25,51861.0
2016-04-26,53082.0
2016-04-27,54477.0
2016-04-28,54311.0
2016-04-29,53910.0
2016-05-02,53561.0
2016-05-03,52260.0
2016-05-04,52552.0
2016-05-05,51671.0
2016-05-06,51717.0
2016-05-09,50990.0
2016-05-10,53070.0
2016-05-11,52764.0
2016-05-12,53241.0
2016-05-13,51804.0
2016-05-16,51802.0
2016-05-17,50839.0
2016-05-18,50561.0
2016-05-19,50132.0
2016-05-20,49722.0
2016-05-23,49330.0
2016-05-24,49345.0
2016-05-25,49482.0
2016-05-27,49051.0
2016-05-30,48964.0
2016-05-31,48471.0
2016-06-01,49012.0
2016-06-02,49887.0
2016-06-03,50619.0
2016-06-06,50431.0
2016-06-07,50487.0
2016-06-08,51629.0
2016-06-09,51118.0
2016-06-10,49422.0
2016-06-13,49660.0
2016-06-14,48648.0
2016-06-15,48914.0
2016-06-16,49411.0
2016-06-17,49533.0
2016-06-20,50329.0
2016-06-21,50837.0
2016-06-22,50156.0
2016-06-23,51559.0
2016-06-24,50105.0
2016-06-27,49245.0
2016-06-28,50006.0
2016-06-29,51001.0
2016-06-30,51526.0
2016-07-01,52233.0
2016-07-04,52568.0
2016-07-05,51842.0
2016-07-06,51901.0
2016-07-07,52014.0
2016-07-08,53140.0
2016-07-11,53960.0
2016-07-12,54256.0
2016-07-13,54598.0
2016-07-14,55480.0
2016-07-15,55578.0
2016-07-18,56484.0
2016-07-19,56698.0
2016-07-20,56578.0
2016-07-21,56641.0
2016-07-22,57002.0
2016-07-25,56872.0
2016-07-26,56782.0
2016-07-27,56852.0
2016-07-28,56667.0
2016-07-29,57308.0
2016-08-01,56755.0
2016-08-02,56162.0
2016-08-03,57076.0
2016-08-04,57593.0
2016-08-05,57661.0
2016-08-08,57635.0
2016-08-09,57689.0
2016-08-10,56919.0
2016-08-11,58299.0
2016-08-12,58298.0
2016-08-15,59145.0
2016-08-16,58855.0
2016-08-17,59323.0
2016-08-18,59166.0
2016-08-19,59098.0
2016-08-22,57781.0
2016-08-23,58020.0
2016-08-24,57717.0
2016-08-25,57722.0
2016-08-26,57716.0
2016-08-29,58610.0
2016-08-30,58575.0
2016-08-31,57901.0
2016-09-01,58236.0
2016-09-02,59616.0
2016-09-05,59566.0
2016-09-06,60129.0
2016-09-08,60231.0
2016-09-09,57999.0
2016-09-12,58586.0
2016-09-13,56820.0
2016-09-14,57059.0
2016-09-15,57909.0
2016-09-16,57079.0
2016-09-19,57350.0
2016-09-20,57736.0
2016-09-21,58393.0
2016-09-22,58994.0
2016-09-23,58697.0
2016-09-26,58053.0
2016-09-27,58382.0
2016-09-28,59355.0
2016-09-29,58350.0
2016-09-30,58367.0
2016-10-03,59461.0
2016-10-04,59339.0
2016-10-05,60254.0
2016-10-06,60644.0
2016-10-07,61108.0
2016-10-10,61668.0
2016-10-11,61021.0
2016-10-13,61118.0
2016-10-14,61767.0
2016-10-17,62696.0
2016-10-18,63782.0
2016-10-19,63505.0
2016-10-20,63837.0
2016-10-21,64108.0
2016-10-24,64059.0
2016-10-25,63866.0
2016-10-26,63825.0
2016-10-27,64249.0
2016-10-28,64307.0
2016-10-31,64924.0
2016-11-01,63326.0
2016-11-03,61750.0
2016-11-04,61598.0
2016-11-07,64051.0
2016-11-08,64157.0
2016-11-09,63258.0
2016-11-10,61200.0
2016-11-11,59183.0
2016-11-14,59657.0
2016-11-16,60759.0
2016-11-17,59770.0
2016-11-18,59961.0
2016-11-21,61070.0
2016-11-22,61954.0
2016-11-23,61985.0
2016-11-24,61395.0
2016-11-25,61559.0
2016-11-28,62855.0
2016-11-29,60986.0
2016-11-30,61906.0
2016-12-01,59506.0
2016-12-02,60316.0
2016-12-05,59831.0
2016-12-06,61088.0
2016-12-07,61414.0
2016-12-08,60676.0
2016-12-09,60500.0
2016-12-12,59178.0
2016-12-13,59280.0
2016-12-14,58212.0
2016-12-15,58396.0
2016-12-16,58389.0
2016-12-19,57110.0
2016-12-20,57582.0
2016-12-21,57646.0
2016-12-22,57255.0
2016-12-23,57937.0
2016-12-26,58620.0
2016-12-27,58696.0
2016-12-28,59781.0
2016-12-29,60227.0
2017-01-02,59588.0
2017-01-03,61813.0
2017-01-04,61589.0
2017-01-05,62070.0
2017-01-06,61665.0
2017-01-09,61700.0
2017-01-10,62131.0
2017-01-11,62446.0
2017-01-12,63953.0
2017-01-13,63651.0
2017-01-16,63831.0
2017-01-17,64354.0
2017-01-18,64149.0
2017-01-19,63950.0
2017-01-20,64521.0
2017-01-23,65748.0
2017-01-24,65840.0
2017-01-26,66190.0
2017-01-27,66033.0
2017-01-30,64301.0
2017-01-31,64670.0
2017-02-01,64836.0
2017-02-02,64578.0
2017-02-03,64953.0
2017-02-06,63992.0
2017-02-07,64198.0
2017-02-08,64835.0
2017-02-09,64964.0
2017-02-10,66124.0
2017-02-13,66967.0
2017-02-14,66712.0
2017-02-15,67975.0
2017-02-16,67814.0
2017-02-17,67748.0
2017-02-20,68532.0
2017-02-21,69052.0
2017-02-22,68589.0
2017-02-23,67461.0
2017-02-24,66662.0
2017-03-01,66988.0
2017-03-02,65854.0
2017-03-03,66785.0
2017-03-06,66341.0
2017-03-07,65742.0
2017-03-08,64718.0
2017-03-09,64585.0
2017-03-10,64675.0
2017-03-13,65534.0
2017-03-14,64699.0
2017-03-15,66234.0
2017-03-16,65782.0
2017-03-17,64209.0
2017-03-20,64884.0
2017-03-21,62980.0
2017-03-22,63521.0
2017-03-23,63530.0
2017-03-24,63853.0
2017-03-27,64308.0
2017-03-28,64640.0
2017-03-29,65528.0
2017-03-30,65265.0
2017-03-31,64984.0
2017-04-03,65211.0
2017-04-04,65768.0
2017-04-05,64774.0
2017-04-06,64222.0
2017-04-07,64593.0
2017-04-10,64649.0
2017-04-11,64359.0
2017-04-12,63891.0
2017-04-13,62826.0
2017-04-17,64334.0
2017-04-18,64158.0
2017-04-19,63406.0
2017-04-20,63760.0
2017-04-24,64389.0
2017-04-25,65148.0
2017-04-26,64861.0
2017-04-27,64676.0
2017-04-28,65403.0
2017-05-02,66721.0
2017-05-03,66093.0
2017-05-04,64862.0
2017-05-05,65709.0
2017-05-08,65526.0
2017-05-09,66277.0
2017-05-10,67349.0
2017-05-11,67537.0
2017-05-12,68221.0
2017-05-15,68474.0
2017-05-16,68684.0
2017-05-17,67540.0
2017-05-18,61597.0
2017-05-19,62639.0
2017-05-22,61673.0
2017-05-23,62662.0
2017-05-24,63257.0
2017-05-25,63226.0
2017-05-26,64085.0
2017-05-29,63760.0
2017-05-30,63962.0
2017-05-31,62711.0
2017-06-01,62288.0
2017-06-02,62510.0
2017-06-05,62450.0
2017-06-06,62954.0
2017-06-07,63170.0
2017-06-08,62755.0
2017-06-09,62210.0
2017-06-12,61700.0
2017-06-13,61828.0
2017-06-14,61922.0
2017-06-16,61626.0
2017-06-19,62014.0
2017-06-20,60766.0
2017-06-21,60761.0
2017-06-22,61272.0
2017-06-23,61087.0
2017-06-26,62188.0
2017-06-27,61675.0
2017-06-28,62017.0
2017-06-29,62238.0
2017-06-30,62899.0
2017-07-03,63279.0
2017-07-04,63231.0
2017-07-05,63154.0
2017-07-06,62470.0
2017-07-07,62322.0
2017-07-10,63025.0
2017-07-11,63832.0
2017-07-12,64835.0
2017-07-13,65178.0
2017-07-14,65436.0
2017-07-17,65212.0
2017-07-18,65337.0
2017-07-19,65179.0
2017-07-20,64938.0
2017-07-21,64684.0
2017-07-24,65099.0
2017-07-25,65667.0
2017-07-26,65010.0
2017-07-27,65277.0
2017-07-28,65497.0
2017-07-31,65920.0
2017-08-01,66516.0
2017-08-02,67135.0
2017-08-03,66777.0
2017-08-04,66897.0
2017-08-07,67939.0
2017-08-08,67898.0
2017-08-09,67671.0
2017-08-10,66992.0
2017-08-11,67358.0
2017-08-14,68284.0
2017-08-15,68355.0
2017-08-16,68594.0
2017-08-17,67976.0
2017-08-18,68714.0
2017-08-21,68634.0
2017-08-22,70011.0
2017-08-23,70477.0
2017-08-24,71132.0
2017-08-25,71073.0
2017-08-28,71016.0
2017-08-29,71329.85
2017-08-30,70886.26
2017-08-31,70835.05
2017-09-01,71923.11
2017-09-04,72128.83
2017-09-05,72150.88
2017-09-06,73412.41
2017-09-08,73078.85
2017-09-11,74319.22
2017-09-12,74538.55
2017-09-13,74787.57
2017-09-14,74656.68
2017-09-15,75756.52
2017-09-18,75990.41
2017-09-19,75974.18
2017-09-20,76004.15
2017-09-21,75604.34
2017-09-22,75389.75
2017-09-25,74443.47
2017-09-26,74318.72
2017-09-27,73796.71
2017-09-28,73567.25
2017-09-29,74293.51
2017-10-02,74359.83
2017-10-03,76762.91
2017-10-04,76591.44
2017-10-05,76617.53
2017-10-06,76054.72
2017-10-09,75726.81
2017-10-10,76897.21
2017-10-11,76659.8
2017-10-13,76989.79
2017-10-16,76891.84
2017-10-17,76201.25
2017-10-18,76591.09
2017-10-19,76283.16
2017-10-20,76390.51
2017-10-23,75413.13
2017-10-24,76350.19
2017-10-25,76671.13
2017-10-26,75896.35
2017-10-27,75975.71
2017-10-30,74800.33
2017-10-31,74308.49
2017-11-01,73823.74
2017-11-03,73915.43
2017-11-06,74310.79
2017-11-07,72414.88
2017-11-08,74363.13
2017-11-09,72930.69
2017-11-10,72165.64
2017-11-13,72475.17
2017-11-14,70826.59
2017-11-16,72511.79
2017-11-17,73437.28
2017-11-21,74594.61
2017-11-22,74518.79
2017-11-23,74486.58
2017-11-24,74157.37
2017-11-27,74058.92
2017-11-28,74139.72
2017-11-29,72700.45
2017-11-30,71970.99
2017-12-01,72264.45
2017-12-04,73090.17
2017-12-05,72546.17
2017-12-06,73268.35
2017-12-07,72487.46
2017-12-08,72731.84
2017-12-11,72800.04
2017-12-12,73813.53
2017-12-13,72914.33
2017-12-14,72428.93
2017-12-15,72607.7
2017-12-18,73115.45
2017-12-19,72680.37
2017-12-20,73367.03
2017-12-21,75133.43
2017-12-22,75186.53
2017-12-26,75707.73
2017-12-27,76072.54
2017-12-28,76402.08
2018-01-02,77891.04
2018-01-03,77995.16
2018-01-04,78647.42
2018-01-05,79071.47
2018-01-08,79378.54
2018-01-09,78863.54
2018-01-10,78200.57
2018-01-11,79365.44
2018-01-12,79349.12
2018-01-15,79752.37
2018-01-16,79831.76
2018-01-17,81189.16
2018-01-18,80962.65
2018-01-19,81219.5
2018-01-22,81675.42
2018-01-23,80678.35
2018-01-24,83680.0
2018-01-26,85530.84
2018-01-29,84698.01
2018-01-30,84482.46
2018-01-31,84912.7
2018-02-01,85495.24
2018-02-02,84041.34
2018-02-05,81861.09
2018-02-06,83894.04
2018-02-07,82766.73
2018-02-08,81532.53
2018-02-09,80898.7
2018-02-14,83542.84
2018-02-15,84290.57
2018-02-16,84524.58
2018-02-19,84792.71
2018-02-20,85803.96
2018-02-21,86051.82
2018-02-22,86686.45
2018-02-23,87293.24
2018-02-26,87652.64
2018-02-27,86935.44
2018-02-28,85353.6
2018-03-01,85377.79
2018-03-02,85761.34
2018-03-05,86022.83
2018-03-06,85653.02
2018-03-07,85483.55
2018-03-08,84984.61
2018-03-09,86371.41
2018-03-12,86900.43
2018-03-13,86383.85
2018-03-14,86050.96
2018-03-15,84928.2
2018-03-16,84886.49
2018-03-19,83913.06
2018-03-20,84163.8
2018-03-21,84976.59
2018-03-22,84767.88
2018-03-23,84377.19
2018-03-26,85087.86
2018-03-27,83808.06
2018-03-28,83874.14
2018-03-29,85365.56
2018-04-02,84666.44
2018-04-03,84623.46
2018-04-04,84359.69
2018-04-05,85209.66
2018-04-06,84820.42
2018-04-09,83307.23
2018-04-10,84510.36
2018-04-11,85245.59
2018-04-12,85443.53
2018-04-13,84334.41
2018-04-16,82861.58
2018-04-17,84086.13
2018-04-18,85776.46
2018-04-19,85824.26
2018-04-20,85550.09
2018-04-23,85602.5
2018-04-24,85469.08
2018-04-25,85044.39
2018-04-26,86383.2
2018-04-27,86444.66
2018-04-30,86115.5
2018-05-02,84547.09
2018-05-03,83288.14
2018-05-04,83118.03
2018-05-07,82714.43
2018-05-08,82956.05
2018-05-09,84265.49
2018-05-10,85861.2
2018-05-11,85220.24
2018-05-14,85232.18
2018-05-15,85130.42
2018-05-16,86536.97
2018-05-17,83621.95
2018-05-18,83081.88
2018-05-21,81815.32
2018-05-22,82738.88
2018-05-23,80867.29
2018-05-24,80122.31
2018-05-25,78897.66
2018-05-28,75355.84
2018-05-29,76071.97
2018-05-30,76753.61
2018-06-01,77239.75
2018-06-04,78596.06
2018-06-05,76641.72
2018-06-06,76117.22
2018-06-07,73851.46
2018-06-08,72942.07
2018-06-11,72307.77
2018-06-12,72754.13
2018-06-13,72122.14
2018-06-14,71421.19
2018-06-15,70757.73
2018-06-18,69814.74
2018-06-19,71394.34
2018-06-20,72123.41
2018-06-21,70074.9
2018-06-22,70640.65
2018-06-25,70952.97
2018-06-26,71404.59
2018-06-27,70609.01
2018-06-28,71766.53
2018-06-29,72762.52
2018-07-02,72839.74
2018-07-03,73667.76
2018-07-04,74743.12
2018-07-05,74553.06
2018-07-06,75010.39
2018-07-10,74862.38
2018-07-11,74398.55
2018-07-12,75856.23
2018-07-13,76594.36
2018-07-16,76652.59
2018-07-17,78130.3
2018-07-18,77362.64
2018-07-19,77486.84
2018-07-20,78571.29
2018-07-23,77996.12
2018-07-24,79154.99
2018-07-25,80218.05
2018-07-26,79405.34
2018-07-27,79866.11
2018-07-30,80275.6
2018-07-31,79220.44
2018-08-01,79301.65
2018-08-02,79636.69
2018-08-03,81434.98
2018-08-06,81050.76
2018-08-07,80346.53
2018-08-08,79151.7
2018-08-09,78767.99
2018-08-10,76514.36
2018-08-13,77496.46
2018-08-14,78602.12
2018-08-15,77077.5
2018-08-16,76818.72
2018-08-17,76028.51
2018-08-20,76327.89
2018-08-21,75180.4
2018-08-22,76902.31
2018-08-23,75633.77
2018-08-24,76262.24
2018-08-27,77929.69
2018-08-28,77473.18
2018-08-29,78388.84
2018-08-30,76404.1
2018-08-31,76677.53
2018-09-03,76192.74
2018-09-04,74711.8
2018-09-05,75092.27
2018-09-06,76416.02
2018-09-10,76436.36
2018-09-11,74656.51
2018-09-12,75124.81
2018-09-13,74686.68
2018-09-14,75429.1
2018-09-17,76788.86
2018-09-18,78313.97
2018-09-19,78168.66
2018-09-20,78116.02
2018-09-21,79444.29
2018-09-24,77984.19
2018-09-25,78630.15
2018-09-26,78656.16
2018-09-27,80000.09
2018-09-28,79342.43
2018-10-01,78623.66
2018-10-02,81612.28
2018-10-03,83273.4
2018-10-04,82952.81
2018-10-05,82321.52
2018-10-08,86083.92
2018-10-09,86087.55
2018-10-10,83679.12
2018-10-11,82921.08
2018-10-15,83359.77
2018-10-16,85717.57
2018-10-17,85763.96
2018-10-18,83847.12
2018-10-19,84219.75
2018-10-22,85596.7
2018-10-23,85300.04
2018-10-24,83063.56
2018-10-25,84083.51
2018-10-26,85719.88
2018-10-29,83796.71
2018-10-30,86885.71
2018-10-31,87423.55
2018-11-01,88419.05
2018-11-05,89598.16
2018-11-06,88668.92
2018-11-07,87714.35
2018-11-08,85620.14
2018-11-09,85641.22
2018-11-12,85524.7
2018-11-13,84914.11
2018-11-14,85973.06
2018-11-16,88515.27
2018-11-19,87900.84
2018-11-21,87268.8
2018-11-22,87477.44
2018-11-23,86230.23
2018-11-26,85546.51
2018-11-27,87891.18
2018-11-28,89250.83
2018-11-29,89709.57
2018-11-30,89504.03
2018-12-03,89820.09
2018-12-04,88624.45
2018-12-05,89039.8
2018-12-06,88846.49
2018-12-07,88115.08
2018-12-10,85914.71
2018-12-11,86419.58
2018-12-12,86977.46
2018-12-13,87837.59
2018-12-14,87449.51
2018-12-17,86399.68
2018-12-18,86610.5
2018-12-19,85673.53
2018-12-20,85269.3
2018-12-21,85697.16
2018-12-26,85136.11
2018-12-27,85460.21
2018-12-28,87887.27
2019-01-02,91012.32
2019-01-03,91564.26
2019-01-04,91840.8
2019-01-07,91699.05
2019-01-08,92031.86
2019-01-09,93613.05
2019-01-10,93805.94
2019-01-11,93658.31
2019-01-14,94474.13
2019-01-15,94055.72
2019-01-16,94393.08
2019-01-17,95351.09
2019-01-18,96096.75
2019-01-21,96009.78
2019-01-22,95103.38
2019-01-23,96558.43
2019-01-24,97677.2
2019-01-28,95443.88
2019-01-29,95639.33
2019-01-30,96996.21
2019-01-31,97393.75
2019-02-01,97861.28
2019-02-04,98588.64
2019-02-05,98311.21
2019-02-06,94635.57
2019-02-07,94405.6
2019-02-08,95343.11
2019-02-11,94412.92
2019-02-12,96168.4
2019-02-13,95842.41
2019-02-14,98015.1
2019-02-15,97525.91
2019-02-18,96509.89
2019-02-19,97659.16
2019-02-20,96544.82
2019-02-21,96932.28
2019-02-22,97885.6
2019-02-25,97239.9
2019-02-26,97602.5
2019-02-27,97307.32
2019-02-28,95584.35
2019-03-01,94603.76
