ticker_id,company_id,ticker
1,1048,MMMC34
2,1,QVUM3B
3,2,APPA3
4,2,APPA4
5,1049,ABTT34
6,3,ABCB3
7,3,ABCB4
8,3,ABCB11
9,4,ABRE11
10,5,ABYA3
11,6,EALT3
12,6,EALT4
13,7,AVIL3
14,7,AVIL4
15,8,AELP3
16,9,AESL3
17,9,AESL4
18,10,GETI3
19,10,GETI4
20,11,AETA3
21,12,AFLU3
22,12,AFLU5
23,12,AFLU6
24,13,AFLT3
25,14,ANDG3B
26,14,ANDG4B
27,15,BSGR3
28,16,AGIN3
29,17,AGRA4
30,18,AGEI3
31,19,AGEN33
32,20,SAGR4
33,21,ALBA3
34,1050,AALC34
35,22,BRGE3
36,22,BRGE5
37,22,BRGE6
38,22,BRGE7
39,22,BRGE8
40,22,BRGE11
41,22,BRGE12
42,23,CRIV3
43,23,CRIV4
44,24,RPAD3
45,24,RPAD5
46,24,RPAD6
47,25,BRIV3
48,25,BRIV4
49,26,ALSC3
50,27,APTI3
51,27,APTI4
52,1841,ALLL3
53,1841,ALLL4
54,1841,ALLL11
55,29,AORE3
56,30,ALPA3
57,30,ALPA4
58,31,ALTR3
59,32,ALTS3
60,32,ALTS4
61,33,ALUP3
62,33,ALUP4
63,33,ALUP11
64,34,ACES3
65,34,ACES4
66,35,ROSI4
67,1051,AMZO34
68,36,BAZA3
69,37,TMAC3B
70,37,TMAC5B
71,37,TMAC6B
72,37,TMAC7B
73,37,TMAC8B
74,37,TMAC11B
75,38,ABEV3
76,38,ABEV
79,39,AMLC4
80,40,BASU5
81,1052,AXPB34
82,1053,AMGN34
83,41,AMIL3
84,42,CBEE3
85,43,AMPI3
86,44,IRON3
87,45,AEDU3
88,45,AEDU4
89,45,AEDU11
90,46,ANIM3
91,47,IBAN3
92,47,IBAN5
93,48,ITLM5
94,49,ANTA3
95,49,ANTA4
96,50,ANPB3
97,50,ANPB5
98,51,IBPI5
99,51,IBPI6
100,1054,AAPL34
101,52,AQT4
102,53,ARCZ3
103,53,ARCZ5
104,53,ARCZ6
106,1055,ARMT34
107,54,ARCE3
108,54,ARCE4
109,55,ARZZ3
110,56,ARNO4
111,57,ATBS3
112,58,ARTR3
113,59,ARLA3
114,59,ARLA4
115,1056,ATTB34
116,60,AUTM3
117,1057,AVON34
118,61,AZEV3
119,61,AZEV4
120,62,BTOW3
121,63,BAHI3
122,63,BAHI4
123,64,BHEQ4
124,65,BSUL5
125,66,CBAG3
126,67,BECE3
127,67,BECE4
128,1058,BPAT33
129,68,EBEN3
130,68,EBEN4
131,69,BBCM4
132,70,BGIP3
133,70,BGIP4
134,71,BESP3
135,71,BESP4
136,72,BEPA4
137,73,BEES3
138,73,BEES4
139,74,LOSA3
140,74,LOSA4
141,1059,BOAC34
142,75,BNNE3
143,76,BPAR3
144,77,BRSR3
145,77,BRSR5
146,77,BRSR6
147,77,BRSR11
148,78,BDLL3
149,78,BDLL4
150,79,BTTL3
151,79,BTTL4
152,80,BALM3
153,80,BALM4
154,81,BBSE3
155,82,BCNA4
156,83,BEMA3
157,84,BEMG3
158,84,BEMG4
159,85,BERG3
160,85,BERG5
161,1060,BERK34
162,86,BSCT3
163,86,BSCT5
164,86,BSCT6
165,87,BTAS5
166,88,BHGR3
167,89,BMKS3
168,90,BICB3
169,90,BICB4
170,90,BICB11
171,91,BIOB4
172,92,BIOM3
173,92,BIOM4
174,93,BSEV3
175,94,CTWR3
176,95,BMEF3
177,96,BVMF3
178,97,BBV4
179,1061,BOEI34
180,98,BOBR3
181,98,BOBR4
182,99,BPCO4
183,100,IDCO3
184,100,IDCO4
185,101,STRP3
186,101,STRP4
187,102,BOVH3
188,103,BBRK3
189,104,FRPS3
190,104,FRPS4
191,105,BRIN3
192,106,BRML3
193,107,BPHA3
194,108,BRPR3
195,109,BBDC3
196,1062,BBDO
197,1063,BBD
198,109,BBDC4
199,110,BRAP3
200,110,BRAP4
201,111,ITPS4
202,112,BBAS3
203,112,BBAS4
204,113,BRTP3
205,113,BRTP4
207,114,AGRO3
208,115,LITS3
209,116,BRKM3
210,1064,BAK
211,116,BRKM5
212,116,BRKM6
213,117,BMTO3
214,117,BMTO4
215,118,BPLA5
216,119,BFRE3
217,120,BSLI3
218,120,BSLI4
219,121,BRFS3
220,121,BRFS
221,121,PRGA4
223,1066,BMYB34
224,122,BISA3
225,123,BRUM4
226,124,BBTG36
227,124,BBTG35
228,124,BBTG11
229,125,BPAC3
230,125,BPAC5
231,126,BUET3
232,126,BUET4
233,127,CEVA3
234,127,CEVA4
235,128,MSAN3
236,128,MSAN4
237,129,MAHS4
238,130,CABB3
239,131,CDOU4
240,132,CIQU3
241,132,CIQU4
242,133,CMET3
243,133,CMET4
244,134,CAFE3
245,134,CAFE4
246,135,CAMB3
247,135,CAMB4
248,136,CRBM3
249,136,CRBM5
250,136,CRBM7
251,136,CRBM8
252,136,CRBM11
253,137,SOLO4
254,138,CABR4
255,139,CASN3
256,139,CASN4
257,1067,CATP34
258,140,CCTU3
259,140,CCTU4
260,141,TRIM3
261,142,CBVI4
262,143,CCIM3
263,144,CCRO3
264,145,CCXC3
265,146,CEBR3
266,146,CEBR5
267,146,CEBR6
268,147,CEDO3
269,147,CEDO4
270,147,CEDO6
271,148,CEED3
272,148,CEED4
273,149,EEEL3
274,149,EEEL4
275,150,CEGR3
276,151,CLSC3
277,151,CLSC4
278,151,CLSC5
279,152,CGOS3
280,152,CGOS4
281,152,CGOS6
282,153,GPAR3
283,154,CELM3
284,155,CELP3
285,155,CELP5
286,155,CELP6
287,155,CELP7
288,156,CEPE3
289,156,CEPE5
290,156,CEPE6
291,157,RANI3
292,157,RANI4
293,158,ENMA3B
294,158,ENMA5B
295,158,ENMA6B
296,159,CMGR3
297,159,CMGR4
298,160,MAPT3
299,160,MAPT4
300,1068,CIG.C
301,161,CMIG3
302,1069,CIG
303,161,CMIG4
304,162,CTLG3
305,163,CTMI3
306,164,CESP3
308,164,CESP5
309,164,CESP6
310,165,CETE3
311,165,CETE4
312,166,CTIP3
313,167,CVPT3
314,167,CVPT4
315,168,CHAP3
316,168,CHAP4
317,1070,CHVX34
318,169,CCHI3
319,169,CCHI4
320,170,HGTX3
321,170,HGTX4
322,171,CIC4
323,172,CIEL3
324,173,ICPI3
325,173,ICPI4
326,174,MAFE3
327,175,GAFP3
328,175,GAFP4
329,176,CMSA3
330,176,CMSA4
331,1071,CSCO34
332,1072,CTGP34
333,177,CLAN3
334,177,CLAN4
335,178,CMMA3
336,178,CMMA4
337,179,COAR3
338,179,COAR4
339,180,CBMA3
340,180,CBMA4
341,1073,COCA34
342,181,CEEB3
343,181,CEEB5
344,181,CEEB6
345,182,COCE3
346,182,COCE5
347,182,COCE6
348,183,FAPC4
349,184,IVIL4
350,185,CLDX4
351,1074,COLG34
352,1075,CMCS34
353,186,CGAS3
354,186,CGAS5
355,187,CPNY3
356,188,CNFB3
357,188,CNFB4
358,1076,COPH34
359,189,CALI3
360,189,CALI4
361,190,COBE3B
362,190,COBE5B
363,190,COBE6B
364,191,CTAX3
365,191,CTAX4
366,191,CTAX11
367,192,CTLU4
368,193,COPA4
369,194,CSMG3
370,195,CPLE3
371,195,CPLE5
372,1077,ELP
373,195,CPLE6
374,196,CPSL3
375,197,CORR3
376,197,CORR4
377,198,CBTA4
378,199,CSAN3
379,200,CZLT33
380,201,CSRN3
381,201,CSRN5
382,201,CSRN6
383,202,CSPC3
384,202,CSPC4
385,203,CTNM3
386,203,CTNM4
387,204,CPFE3
388,1078,CPL
389,205,CPFG3
390,205,CPFG4
391,206,CPFP3
392,206,CPFP4
393,207,CPRE3
394,208,CRDE3
395,209,CREM3
397,211,CRTP3
398,211,CRTP5
399,212,CRGT5
400,213,CZRS3
401,213,CZRS4
402,214,CARD3
403,215,CVCB3
404,216,CCPR3
405,217,CYRE3
406,217,CYRE4
407,218,CZAR4
408,219,DFVA3
409,219,DFVA4
410,220,DASA3
411,221,DSUL3
412,222,DAYC3
413,222,DAYC4
414,1079,DELL34
415,223,DVIX3
416,224,DHBI3
417,224,DHBI4
418,225,DJON3
419,225,DJON4
420,226,PNVL3
421,226,PNVL4
422,227,DNEN3B
423,228,DIRR3
424,229,DXTG3
425,229,DXTG4
426,230,IMBI3
427,230,IMBI4
428,231,DOCA3
429,231,DOCA4
430,232,DOHL3
431,232,DOHL4
432,233,DOMO3
433,234,ARPS3
434,234,ARPS4
435,1080,DOWB34
436,235,DTCY3
437,235,DTCY4
438,236,DAGB33
439,237,DUFB11
440,1081,DUPO34
441,238,DTEX3
442,239,DURA3
443,239,DURA4
444,1082,EBAY34
445,240,ECIS3
446,240,ECIS4
447,241,BCE3
448,241,BCE4
449,242,ECOR3
450,243,EDNE5
451,244,ASSM3
452,244,ASSM4
453,245,REPA4
454,246,ELEK3
455,246,ELEK4
456,247,EKTR3
457,247,EKTR4
458,248,ELET3
459,1083,EBR
460,248,ELET5
461,248,ELET6
462,1084,EBR.B
463,249,LIPR3
464,250,ELPL3
465,250,ELPL4
466,250,ELPL5
468,252,ELEV3
469,253,ELAT3
470,254,ELUM3
471,254,ELUM4
472,255,EMAE3
473,255,EMAE4
474,256,EBCO3
475,256,EBCO4
476,1085,ERJ
477,257,EMBR3
479,257,EMBR4
480,258,EBTP3
481,258,EBTP4
483,259,ECPR3
484,259,ECPR4
485,260,ENBR3
486,261,ENGI3
487,261,ENGI4
488,261,ENGI11
489,262,ENER3
490,262,ENER5
491,262,ENER6
492,263,ENEV3
493,264,ENG5
494,265,TRIC4
495,266,EPTE4
496,267,EQTL3
497,267,EQTL4
498,267,EQTL11
499,268,ERIC3
500,268,ERIC4
501,269,ESCE3
502,270,BPIA3
503,271,ESTC3
504,271,ESTC4
505,271,ESTC11
506,272,ESTR3
507,272,ESTR4
508,273,ETER3
509,273,ETER4
510,274,EUCA3
511,274,EUCA4
512,275,EVEN3
513,276,PTPA3
514,276,PTPA4
515,277,BAUH3
516,277,BAUH4
517,1086,EXXO34
518,278,EZTC3
519,279,FLCL3
520,279,FLCL5
521,279,FLCL6
522,280,FGUI3
523,280,FGUI4
524,281,FTRX3
525,281,FTRX4
526,1087,FDXB34
527,283,FLBR3
528,283,FLBR4
529,284,FHER3
530,285,FESA3
531,285,FESA4
532,286,CPFL4
533,287,FTSE4
534,288,FBRA3
535,288,FBRA4
536,289,FTSU4
537,290,FTZA4
538,291,FBMC3
539,291,FBMC4
540,1088,FBR
541,292,FIBR3
543,292,VCPA4
544,293,FNCN3
545,294,FLRY3
546,295,CFLU3
547,295,CFLU4
548,1090,FDMO34
549,296,FJTA3
550,296,FJTA4
551,297,BFB3
552,298,FGOS4
553,299,FRAS3
554,299,FRAS4
555,1091,FCXO34
556,300,FRI3
557,300,FRI4
558,1092,GFA
559,301,GFSA3
560,301,GFSA5
561,302,GAZO3
562,302,GAZO4
563,1093,GEOO34
564,303,GSHP3
565,304,AMRI3
566,304,AMRI7
567,304,AMRI8
568,304,AMRI11
569,305,GEPA3
570,305,GEPA4
571,306,EMXS4
572,307,GGBR3
573,1094,GGB
574,307,GGBR4
575,308,GOAU3
576,308,GOAU4
577,309,GLAS4
578,310,GOLL3
579,310,GOLL4
580,1095,GOL
581,1096,GSGI34
582,1097,GOOG34
583,311,GPIV33
584,312,GPCP3
585,313,GRNL3
586,313,GRNL4
587,314,CGRA3
588,314,CGRA4
589,315,GRND3
590,316,GRUC3
591,316,GRUC6
592,317,ACGU3
593,318,GUAR3
594,318,GUAR4
595,319,GVTT3
596,320,HBTS3
597,320,HBTS5
598,320,HBTS6
599,321,HAGA3
600,321,HAGA4
601,1098,HALI34
602,322,HPIA3
603,1099,HNZB11B
604,323,HBOR3
605,324,HETA3
606,324,HETA4
608,1100,HPQB34
609,1101,HOME34
610,1102,HONB34
611,326,HOOT3
612,326,HOOT4
613,327,HRTP3
614,328,BSEG4
615,329,HYPE3
616,330,IDNT3
617,331,IENG3
618,331,IENG5
619,331,IENG6
620,332,IGBR3
621,332,IGBR5
622,332,IGBR6
623,332,IGBR7
624,333,IGUA3
625,333,IGUA5
626,333,IGUA6
627,334,IGTA3
628,335,IMCH3
629,336,IMPE4
630,337,IBRC4
631,338,CATA3
632,338,CATA4
633,339,ROMI3
634,339,ROMI4
635,340,IDVL3
636,340,IDVL4
637,340,IDVL11
638,341,INEP3
639,341,INEP4
640,342,INET3
641,1103,ITLC34
642,1104,IBMB34
643,343,FIGE3
644,343,FIGE4
645,344,MYPK3
646,344,MYPK4
647,345,DPPI3
648,345,DPPI4
649,346,PTIP3
650,346,PTIP4
651,347,RIPI3
652,347,RIPI4
653,348,SQRM3
654,348,SQRM4
655,348,SQRM11
656,349,ITSA3
657,349,ITSA4
658,350,ITEC3
659,351,ITUB3
660,351,ITUB
661,351,ITUB4
662,352,IVEN3
663,352,IVEN4
664,353,VRLM4
665,354,JBDU3
666,354,JBDU4
667,355,JFAB4
668,356,JBSS3
669,357,MLFT3
670,357,MLFT4
671,358,JHSF3
672,359,JFEN3
673,1105,JNJB34
674,360,JOPA3
675,360,JOPA4
676,1106,JPMC34
677,361,JSLG3
678,362,CTKA3
679,362,CTKA4
680,363,KEPL3
681,364,RCLL3
682,364,RCLL4
683,364,RCLL5
684,364,RCLL7
685,365,KLBN3
686,365,KLBN4
687,365,KLBN11
688,366,KSSA3
689,1107,KFGI34
690,367,KROT11+KROT3
691,367,KROT3
692,367,KROT4
693,367,KROT11
694,368,ARTE3
695,368,ARTE4
696,369,LFFE3
697,369,LFFE4
698,370,MILK33
699,1108,LATM33
700,371,LARK3
701,371,LARK4
702,372,LLIS3
703,373,LECO3
704,373,LECO4
705,374,PITI3
706,374,PITI4
707,375,MLPP3
708,376,LIAS4
709,377,LIGT3
710,1109,LILY34
711,378,ILLS4
712,1110,LNKD34
713,379,LINX3
714,380,LTEL3B
715,380,LTEL5B
716,380,LTEL11B
717,381,LGLO3
718,381,LGLO4
719,382,LIXC3
720,382,LIXC4
721,505,PRML3
722,383,RENT3
723,384,LCAM3
724,1111,LMTB34
725,385,LOGN3
726,386,LAME3
727,386,LAME4
728,387,LOAR4
729,388,LHER3
730,388,LHER4
731,389,AMAR3
732,390,LREN3
733,390,LREN4
734,391,LPSB3
735,392,LORZ4
736,393,LUPA3
737,394,RHDS3
738,394,RHDS4
739,395,MDIA3
740,396,MADE4
741,397,MGLU3
742,398,MAGS3
743,398,MAGS5
744,398,MAGS7
745,399,MAGG3
746,400,MLCF4
747,401,GALO4
748,402,MAKR3
749,403,MNSA3
750,403,MNSA4
751,404,MGEL3
752,404,MGEL4
753,405,MANM3
754,405,MANM4
755,406,CTPC3
756,406,CTPC4
757,407,POMO3
758,407,POMO4
759,408,MRFG3
760,409,MRSL3
761,409,MRSL4
762,1112,MSCD34
763,1113,MCDC34
764,410,MCWS3
765,410,MCWS4
766,411,MEC4
767,412,MEDI3
768,413,MSPA3
769,413,MSPA4
770,414,MLPA3
771,414,MLPA4
772,415,MEND3
773,415,MEND5
774,415,MEND6
775,416,BMEB3
776,416,BMEB4
777,417,MERC3
778,417,MERC4
779,418,BMIN3
780,418,BMIN4
781,419,BMCT4
782,1114,MRCK34
783,420,MESB4
784,421,DUQE3
785,421,DUQE4
786,422,MTIG3
787,422,MTIG4
788,423,LEVE3
789,423,LEVE4
790,424,FRIO3
791,425,MTSA3
792,425,MTSA4
793,426,MTDO3
794,426,MTDO4
795,426,MTDO5
796,426,MTDO6
797,426,MTDO7
798,426,MTDO8
799,427,LETO3
800,427,LETO5
801,1115,MSFT34
802,428,TIBR3
803,428,TIBR5
804,428,TIBR6
805,429,MILS3
806,430,MMAQ3
807,430,MMAQ4
808,431,BEEF3
809,432,MNPR3
810,432,MNPR4
811,433,MMXM3
812,1116,KFTB11B
813,1117,MSTO34
814,434,MOAR3
815,435,VEMG4
816,1118,MSBR34
817,436,MRVE3
818,437,MULL4
819,438,MULT3
820,439,MPLU3
821,440,MNDL3
822,440,MNDL4
823,441,BNAC3
824,441,BNAC4
825,442,NAFG3
826,442,NAFG4
827,443,NAKT4
828,444,NATU3
829,445,GNAN3B
830,446,NETC3
832,446,NETC4
833,1119,NFLX34
834,1120,NIKE34
835,447,CARB5
836,448,BNBR3
837,448,BNBR4
838,449,NORD3
839,450,NRTQ3
840,451,BNCA3
841,452,NUTR3
842,453,ODBE4
843,454,ODER3
844,454,ODER4
845,455,ODPV3
846,456,OGXP3
847,457,OIBR.C
848,457,OIBR3
849,457,OIBR4
850,457,OIBR
851,458,OLMA4
852,459,OLVB4
853,1121,ORCL34
854,460,ORIO4
855,461,OSXB3
856,462,OXIT4
857,463,PCAR3
858,463,PCAR4
859,1122,CBD
860,1123,PREB32
861,464,BPNM3
862,464,BPNM4
863,465,PATI3
864,465,PATI4
865,466,PNXS4
866,467,PEAB3
867,467,PEAB4
868,468,PRBN4
869,469,PRBC3
870,469,PRBC4
871,469,PRBC11
872,470,PMAM3
873,470,PMAM4
874,471,PALF3
875,471,PALF5
876,471,PALF6
877,471,PALF7
878,472,PDGR3
879,473,PXEC4
880,1124,PEPB34
881,474,PRSC4
882,475,RPMG3
883,475,RPMG4
884,1125,APBR
885,476,PETR3
886,1126,PBR
887,1125,APBRA
888,476,PETR4
889,1127,PBR.A
890,477,BRDT4
891,478,PEFX3
892,478,PEFX5
893,479,PQUN3
894,479,PQUN4
895,480,PTQS3
896,480,PTQS4
897,481,PTNT3
898,481,PTNT4
899,482,PVPR4
900,483,PVFS4
901,1128,PFIZ34
902,1129,PHMO34
903,484,PINE3
904,484,PINE4
905,485,PIRE3
906,485,PIRE4
907,486,PIPN3
908,486,PIPN4
909,487,PLAS3
910,487,PLAS4
911,488,POLA3
912,488,POLA4
913,489,PLDN3
914,489,PLDN4
915,490,POPR3
916,490,POPR4
917,491,PORP3
918,491,PORP4
919,492,PLTO3
920,492,PLTO5
921,492,PLTO6
922,493,PPAR3
923,494,PSSA3
924,495,PTBL3
925,495,PTBL4
926,496,PRTX3
927,497,POSI3
928,498,PQTM3
929,498,PQTM4
930,499,PMET3
931,499,PMET5
932,499,PMET6
933,1130,PGCO34
934,500,PFRM3
935,501,BPRG4
936,502,PMT4
937,503,PNOR3
938,503,PNOR5
939,503,PNOR6
940,504,PRVI3
941,506,QGEP3
942,1131,QCOM34
943,507,QUAL3
944,508,QUSW3
945,509,SZPQ3
946,509,SZPQ4
947,510,QGNE4
948,511,RAIA3
949,512,RADL3
950,512,DROG5
951,512,DROG6
952,512,DROG7
953,512,DROG8
954,512,DROG11
955,512,DROG12
956,512,DROG13
957,512,DROG14
958,513,RASL3
959,513,RASL4
960,514,RAPT3
961,514,RAPT4
962,515,RSIP3
963,515,RSIP4
964,516,REAL3
965,516,REAL4
966,517,RCPR3
967,517,RCPR11
968,517,RCPR12
969,518,RHPR3
970,518,RHPR4
971,519,RPPR3
972,519,RPPR6
973,520,RCSL3
974,520,RCSL4
975,521,REDE3
976,521,REDE4
977,522,RDCD3
978,523,RDTR3
979,524,RHER4
980,525,RNAR3
981,526,RNPT3
982,526,RNPT4
983,527,RNEW3
984,527,RNEW4
985,527,RNEW11
986,528,LATS3
987,529,REEM3
988,529,REEM4
989,530,RGEG3
990,531,RSUL3
991,531,RSUL4
992,532,RPSA3
993,532,RPSA4
994,533,RJCP3
995,534,RDNI3
996,535,RSID3
997,536,BARB3
998,536,BARB4
999,537,VSMA3
1000,1132,SBS
1001,538,SBSP3
1002,539,SDIA3
1003,539,SDIA4
1005,540,FCAP3
1006,540,FCAP4
1007,541,SAMI4
1008,542,SAPR3
1009,542,SAPR4
1010,543,SNSY3
1011,543,SNSY5
1012,543,SNSY6
1013,544,SANB3
1014,544,SANB4
1015,544,SANB11
1016,1133,BSBR
1017,545,BNET4
1018,546,CTSA3
1019,546,CTSA4
1020,546,CTSA8
1021,547,MFLU3
1022,548,ASTA3
1023,548,ASTA4
1024,549,STBR3
1025,549,STBR4
1026,549,STBR11
1027,550,STBP3
1028,550,STBP4
1029,550,STBP11
1030,551,SCAR3
1031,551,SCAR4
1032,552,SMTO3
1033,553,SLED3
1034,553,SLED4
1035,554,PSEG3
1036,554,PSEG4
1037,555,VAGV3
1038,555,VAGV4
1039,556,SCLO3
1040,556,SCLO4
1041,1134,SLBG34
1042,557,SHUL3
1043,557,SHUL4
1044,558,SALM3
1045,558,SALM4
1046,559,SEBB3
1047,559,SEBB4
1048,559,SEBB11
1049,560,CSAB3
1050,560,CSAB4
1051,561,CSMB3
1052,561,CSMB4
1053,562,SEMP3
1054,563,SNSL3
1055,564,SEER3
1056,565,SGEN3
1057,565,SGEN4
1058,566,SHAP4
1059,567,SHTM3
1060,567,SHTM4
1061,568,SIBR7
1062,569,ANO5
1063,570,CSNA3
1064,1135,SID
1065,571,RIO4
1066,572,CSTB3
1067,572,CSTB4
1068,573,SSBR3
1069,574,SIFC4
1070,575,SLCE3
1071,576,SMLE3
1072,577,SFSA3
1073,577,SFSA4
1074,578,SLAL4
1075,579,SLBR3
1076,579,SLBR4
1077,580,SOND3
1078,580,SOND5
1079,580,SOND6
1080,581,PVLT3
1081,582,CRUZ3
1082,583,SPEL3
1083,583,SPEL5
1084,584,SPRI3
1085,584,SPRI5
1086,584,SPRI6
1087,585,SGPS3
1088,586,BFCV4
1089,587,AHEB3
1090,587,AHEB5
1091,587,AHEB6
1092,1136,SBUB34
1093,588,SUBA3
1094,589,BFIT3
1095,589,BFIT4
1096,590,SASG3
1097,591,SULA3
1098,591,SULA4
1099,591,SULA11
1100,592,SLCP3
1101,593,SULT3
1102,593,SULT4
1103,594,NEMO3
1104,594,NEMO5
1105,595,SUZB3
1106,595,SUZB5
1107,595,SUZB6
1108,596,SAD4
1109,597,TAEE3
1110,597,TAEE4
1111,597,TAEE11
1112,598,TAMM3
1113,598,TAMM4
1115,599,TAMR4
1116,600,TRPN3
1117,601,TENE3
1118,601,TENE5
1119,601,TENE6
1120,601,TENE7
1121,602,SJOS3
1122,602,SJOS4
1123,603,TECN3
1124,604,TCHN3
1125,604,TCHN4
1126,605,TCSA3
1127,606,TCNO3
1128,606,TCNO4
1129,607,TOYB3
1130,607,TOYB4
1131,608,TGMA3
1132,609,TEKA3
1133,609,TEKA4
1134,610,TKNO3
1135,610,TKNO4
1136,611,TBCP4
1137,612,TCOC3
1138,612,TCOC4
1140,613,TLCP3
1142,613,TLCP4
1143,614,TNEP3
1145,614,TNEP4
1146,615,TNCP3
1148,615,TNCP4
1149,616,TSEP3
1150,616,TSEP4
1152,617,TEBA3
1153,617,TEBA5
1154,617,TEBA6
1155,618,TBAC3
1156,618,TBAC6
1157,619,TELB3
1158,619,TELB4
1162,621,TBRS3
1163,621,TBRS4
1164,622,VIVT3
1165,622,VIVT4
1166,1137,VIV
1167,1138,TEFC11
1168,623,TDBH3
1169,623,TDBH4
1170,624,TNLP3
1171,624,TNLP4
1173,625,TMAR3
1174,625,TMAR5
1175,625,TMAR6
1176,626,TMGR3
1177,626,TMGR6
1178,627,TMGC3
1179,627,TMGC6
1180,627,TMGC7
1181,627,TMGC8
1182,627,TMGC11
1183,627,TMGC12
1184,627,TMGC13
1185,628,TMCP3
1187,628,TMCP4
1188,629,TRJC6
1189,630,TSPC3
1190,630,TSPC6
1191,631,TLPP3F
1192,631,TLPP4F
1193,632,TETE3
1194,632,TETE6
1195,633,TEMP3
1196,634,TEND3
1197,635,TERI3
1198,636,TXRX3
1199,636,TXRX4
1200,1139,TGLT32
1201,637,TARP11
1202,638,TPEC3B
1203,638,TPEC6B
1204,638,TPEC7B
1205,638,TPEC8B
1206,1140,TSU
1207,639,TIMP3
1209,639,TCSL4
1210,640,TPRC3
1211,640,TPRC6
1212,641,SHOW3
1213,1142,TWXB34
1214,642,TVIT3
1215,643,TOTS3
1216,644,TBLE3
1217,644,TBLE5
1218,644,TBLE6
1219,645,TRFO3
1220,645,TRFO4
1221,646,TRPL3
1222,646,TRPL4
1223,647,TRBR4
1224,648,TRPA4
1225,649,LUXM3
1226,649,LUXM4
1227,650,CPCA4
1228,651,TRIS3
1229,652,TPIS3
1230,653,TRMB4
1231,654,TROR3
1232,654,TROR4
1233,655,TUPY3
1234,655,TUPY4
1235,1143,UGP
1236,656,UGPA3
1237,656,UGPA4
1239,657,UBBR3
1240,657,UBBR4
1242,657,UBBR11
1243,658,UBHD3
1244,658,UBHD6
1245,659,UCAS3
1246,660,UNIP3
1247,660,UNIP5
1248,660,UNIP6
1249,1144,UPSS34
1250,1145,USSX34
1251,661,UOLL3
1252,661,UOLL4
1253,662,USIM3
1254,662,USIM5
1255,662,USIM6
1256,663,UCOP3
1257,663,UCOP4
1258,664,VAGR3
1259,665,VALE
1260,665,VALE3
1261,665,VALE5
1262,665,VALE.P
1263,666,FFTL3
1264,666,FFTL4
1265,667,VLID3
1266,668,VPSC3
1267,668,VPSC4
1268,669,VPTA3
1269,669,VPTA4
1270,670,VASP3
1271,671,NCNE3
1272,671,NCNE5
1273,1146,VERZ34
1274,672,VVAR3
1275,1147,GLOB4
1276,672,VVAR4
1277,672,VVAR11
1278,673,VINE3
1279,673,VINE5
1280,673,VINE6
1281,674,VGOR3
1282,674,VGOR4
1283,675,VIGR3
1284,1148,VISA34
1285,676,VVAX3
1286,676,VVAX4
1287,676,VVAX11
1288,677,VIVR3
1289,678,VIVO3
1290,678,VIVO4
1292,679,VTEC4
1293,680,VULC3
1294,680,VULC4
1295,1149,WALM34
1296,1150,DISB34
1297,681,WEGE3
1298,681,WEGE4
1299,1151,WFCO34
1300,682,WMBY3
1301,682,WMBY4
1302,683,WET4
1303,684,MWET3
1304,684,MWET4
1305,685,WHRL3
1306,685,WHRL4
1307,686,WHMT3
1308,687,WISA3
1309,687,WISA4
1310,688,WSON33
1311,689,SGAS3
1312,689,SGAS4
1313,1152,XRXB34
1314,690,ILMD3
1315,690,ILMD4
1316,691,ZIVI4
1317,692,XBOV11
1318,693,BOVA11
1319,694,BRAX11
1320,695,ECOO11
1321,696,CSMO11
1322,697,MOBI11
1323,698,MILA11
1324,699,SMAL11
1325,700,UTIP11
1326,701,DIVO11
1327,702,FIND11
1328,703,GOVE11
1329,704,MATB11
1330,705,ISUS11
1331,706,PIBB11
1332,38,AMBV4
1334,3,ABCB1
1336,3,ABCB2
1338,3,ABCB9
1340,3,ABCB10
1344,1153,AMBV1
1352,1153,AMBV2
1358,1153,AMBV9
1359,1153,AMBV10
1360,708,AMCE3
1361,708,AMCE6
1362,709,Arbitr Inv
1363,709,Arbitr N Inv
1364,710,Compos Inv
1365,710,Compos N Inv
1366,711,Equity Inv
1367,711,Equity N Inv
1368,712,Macro Inv
1369,712,Macro N Inv
1370,713,Trading Inv
1371,713,Trading N Inv
1372,73,BEES1
1373,73,BEES9
1374,92,BIOM9
1378,135,CAMB1
1379,135,CAMB2
1380,135,CAMB9
1381,135,CAMB10
1382,155,CELP1
1383,155,CELP9
1384,157,RANI1
1385,166,CTIP1
1386,191,CTAX12
1387,194,CSMG13
1388,194,CSMG12
1389,194,CSMG11
1390,222,DAYC9
1391,222,DAYC10
1392,261,ENGI9
1393,261,ENGI10
1394,261,ENGI13
1395,263,ENEV1
1397,263,ENEV9
1399,267,EQTL1
1402,282,VSPT3
1403,282,VSPT4
1404,1154,BCFF12B
1407,1155,FIGS12
1413,729,TRXL12
1415,310,GOLL9
1416,310,GOLL10
1417,330,IDNT9
1421,340,IDVL1
1422,340,IDVL2
1423,340,IDVL12
1424,342,INET1
1426,349,ITSA1
1428,349,ITSA2
1429,349,ITSA9
1431,349,ITSA10
1434,354,JBDU1
1435,354,JBDU2
1438,359,JFEN1
1440,359,JFEN9
1443,747,LLXL1
1444,390,LREN11
1447,408,MRFG11
1449,416,BMEB10
1451,416,BMEB2
1452,417,MERC1
1453,417,MERC2
1454,417,MERC9
1455,417,MERC10
1459,433,MMXM11
1465,461,OSXB1
1467,461,OSXB9
1468,463,PCAR2
1474,465,PATI1
1476,465,PATI2
1477,743,LCSA3
1478,743,LCSA4
1481,475,RPMG1
1487,748,RCSA11
1488,1156,RCTB31
1489,1156,RCTB32
1490,1156,RCTB33
1491,1156,RCTB41
1492,1156,RCTB42
1493,1156,RCTB4
1506,535,RSID11
1510,594,NEMO1
1522,652,TPIS1
1523,652,TPIS9
1526,673,VINE1
1527,673,VINE11
1529,677,VIVR11
1531,680,VULC1
1532,680,VULC9
1533,1157,FBOK34
1535,1158,GTDP3
1536,1158,GTDP4
1537,747,LLXL3
1540,1159,MRSA5
1541,1160,PMSP11B
1543,1161,CPTP3
1544,527,RNEW1
1545,446,NETC2
1546,1162,CPRI3L
1547,1160,PMSP12B
1548,1163,CTBA11BL
1549,1164,IVVB11
1550,365,KLBN13
1551,38,ABEV1
1552,186,CGAS11
1553,344,MYPK11
1554,107,BPHA1
1555,1058,BPAT34
1556,500,PFRM1
1557,296,FJTA1
1558,296,FJTA2
1559,446,NETC10
1560,38,ABEV9
1561,469,PRBC2
1562,310,GOLL2
1563,62,BTOW1
1564,464,BPNM2
1565,587,AHEB1
1566,98,BOBR11
1567,159,CMGR1
1568,159,CMGR2
1569,521,REDE2
1570,521,REDE1
1571,296,FJTA9
1572,107,BPHA11
1573,62,BTOW9
1574,646,TRPL2
1575,393,LUPA1
1576,469,PRBC10
1580,1165,ABCX3
1581,1165,ABCX5
1582,1166,ABNB3
1583,5,ABYA1
1584,5,ABYA9
1585,34,ACES6
1586,34,ACES7
1587,34,ACES5
1588,34,ACES2
1589,34,ACES10
1590,317,ACGU1
1591,1167,ACMR6
1592,1168,ACRI4
1593,1169,ADLA5
1594,1170,ADSA5
1595,45,AEDU12
1596,9,AESL9
1597,1171,AGBH5
1598,1172,AGBR5
1599,1173,AGBT5
1600,1174,AGCA6
1601,1175,AGCP6
1602,1176,AGCT6
1603,1177,AGES5
1604,1178,AGHT7
1605,1179,AGID5
1606,1180,AGIJ4
1607,16,AGIN1
1608,16,AGIN9
1609,1181,AGIR5
1610,1182,AGJU4
1611,1183,AGLU5
1612,1184,AGMA5
1613,1185,AGMN5
1614,1186,AGPA8
1615,1187,AGPR5
1616,1188,AGQN5
1617,17,AGRA3
1618,1189,AGRM4
1619,1190,AGSA5
1620,1191,AGSB3
1621,1192,AGSE5
1622,1193,AGVL6
1623,1194,AGVV6
1624,1195,ALDE4
1625,1196,ALLF6
1626,1841,ALLLA18
1627,1841,ALLL12F
1628,1197,ALMS5
1629,1198,ALMZ4
1630,1199,ALST3
1631,1200,AMAG4
1632,1201,AMAM5
1633,1202,AMBT4
1634,1153,AMBV11L
1635,1153,AMBV3
1636,1153,AMBV11F
1637,1153,AMBV12
1638,1153,AMBV79
1639,708,AMCE9
1640,39,AMLC3
1641,1203,AMSL3
1642,1203,AMSL4
1643,1203,AMSL1
1644,1204,ANAJ5
1645,1205,ANAM3
1646,1205,ANAM5
1647,1205,ANAM6
1648,1206,ANCE3
1649,1207,ANHU7
1650,1208,ANMT3
1651,1208,ANMT5
1652,1208,ANMT6
1653,1209,ANOR3
1654,1209,ANOR5
1655,1209,ANOR6
1656,50,ANPB6
1657,1210,ANRN3
1658,1210,ANRN5
1659,1210,ANRN6
1660,1211,APHA3
1661,1212,APHP3
1662,1213,AQMR6
1663,1214,AQTC4
1664,1215,ARAM5
1665,1216,ARAT3
1666,1216,ARAT5
1667,1216,ARAT6
1668,1216,ARAT7
1669,56,ARNO3
1670,1217,ARSO4
1671,368,ARTE1
1672,368,ARTE2
1673,368,ARTE10
1674,1218,ASAS5
1675,1219,ASFT4
1676,1220,ATEL4
1677,1221,ATML5
1678,1222,AUTO3
1679,1222,AUTO4
1680,1223,AVCC5
1681,7,AVIL11L
1682,1224,AVPL3
1683,1225,BAAM3
1684,1225,BAAM4
1685,1226,BADM3
1686,63,BAHI5
1687,63,BAHI11
1688,63,BAHI9
1689,63,BAHI6
1690,1227,BAJU3
1691,1227,BAJU4
1692,80,BALM9
1693,80,BALM10L
1694,1228,BAMG3
1695,1228,BAMG4
1696,1229,BANG3
1697,1229,BANG4
1698,1230,BAPC6
1699,1231,BAQU3
1700,1231,BAQU4
1701,40,BASU11L
1702,40,BASU6
1703,40,BASU3
1704,40,BASU6
1705,40,BASU4
1706,40,BASU1
1707,40,BASU2
1708,40,BASU1
1709,40,BASU2
1710,40,BASU2
1711,40,BASU1
1712,40,BASU1
1713,40,BASU9
1714,40,BASU6
1715,40,BASU11
1716,277,BAUH2
1717,112,BBAS11
1718,112,BBAS12F
1719,112,BBAS13
1720,112,BBAS1
1721,112,BBAS2
1722,112,BBAS1
1723,112,BBAS12
1724,112,BBAS13
1725,112,BBAS9
1726,112,BBAS14F
1727,112,BBAS9
1728,112,BBAS15F
1729,112,BBAS9
1730,112,BBAS9
1731,112,BBAS9
1732,1232,BBAV5
1733,69,BBCM12F
1734,69,BBCM3
1735,69,BBCM2
1736,69,BBCM9
1737,69,BBCM10
1738,69,BBCM9
1739,69,BBCM10
1740,69,BBCM9
1741,69,BBCM10
1742,69,BBCM9
1743,69,BBCM10
1744,109,BBDC1
1745,109,BBDC2-1
1746,109,BBDC1
1747,109,BBDC2-2
1748,109,BBDC1
1749,109,BBDC2-3
1750,109,BBDC1
1751,109,BBDC2-4
1752,109,BBDC1
1753,109,BBDC2-5
1754,109,BBDC1
1755,109,BBDC2-6
1756,109,BBDC1
1757,109,BBDC2-7
1758,109,BBDC1
1759,109,BBDC2-8
1760,109,BBDC1
1761,109,BBDC2-9
1762,109,BBDC1
1763,109,BBDC2-10
1764,109,BBDC1
1765,109,BBDC2-11
1766,109,BBDC1
1767,109,BBDC2-12
1768,109,BBDC70
1769,109,BBDC80
1770,109,BBDC74
1771,109,BBDC77
1772,109,BBDC73
1773,109,BBDC75
1774,109,BBDC51
1775,109,BBDC52
1776,109,BBDC53
1777,109,BBDC73
1778,109,BBDC79
1779,109,BBDC72
1780,109,BBDC70
1781,109,BBDC77
1782,109,BBDC71
1783,109,BBDC74
1784,109,BBDC75
1785,109,BBDC76
1786,109,BBDC70
1787,109,BBDC77
1788,109,BBDC72
1789,109,BBDC78
1790,109,BBDC73
1791,109,BBDC74
1792,109,BBDC75
1793,109,BBDC76
1794,109,BBDC73
1795,109,BBDC71
1796,109,BBDC72
1797,109,BBDC74
1798,109,BBDC73
1799,109,BBDC75
1800,109,BBDC9
1801,109,BBDC10
1802,109,BBDC9
1803,109,BBDC10
1804,109,BBDC9
1805,109,BBDC10
1806,109,BBDC9
1807,109,BBDC10
1808,109,BBDC9
1809,109,BBDC10
1810,109,BBDC9
1811,109,BBDC10
1812,109,BBDC9
1813,109,BBDC10
1814,109,BBDC9
1815,109,BBDC10
1816,109,BBDC9
1817,109,BBDC10
1818,109,BBDC9
1819,109,BBDC10
1820,109,BBDC9
1821,109,BBDC10
1822,1233,BBRA3
1823,103,BBRK1
1824,1234,BBTO3
1825,1234,BBTO5
1826,1235,BBVT3
1827,1235,BBVT5
1828,1235,BBVT6
1829,1235,BBVT4
1830,1236,BCAL5
1831,1236,BCAL6
1832,1237,BCBR20F
1833,1237,BCBR21
1834,1238,BCEE3
1835,1238,BCEE4
1836,1239,BCGR3
1837,1239,BCGR4
1838,1240,BCMG6
1839,1240,BCMG3
1840,1240,BCMG4
1841,82,BCNA3
1842,82,BCNA2
1843,82,BCNA1
1844,82,BCNA10F
1845,82,BCNA9
1846,1241,BDBA3
1847,1241,BDBA4
1848,1242,BDEP3
1849,1242,BDEP4
1850,1243,BDES5
1851,1244,BEBA3
1852,1244,BEBA5
1853,1244,BEBA6
1854,1244,BEBA4
1855,1244,BEBA11F
1856,1244,BEBA11F
1857,1244,BEBA12F
1858,431,BEEF1
1859,431,BEEF11L
1860,431,BEEF9
1861,431,BEEF9
1862,73,BEES11
1863,1245,BEGB3
1864,1245,BEGB4
1865,1246,BELG3
1866,1246,BELG4
1867,1246,BELG11L
1868,1246,BELG2
1869,72,BEPA6
1870,72,BEPA3
1871,1247,BEXC3
1872,1247,BEXC4
1873,1248,BFBR3
1874,1249,BFIO5
1875,589,BFIT10
1876,589,BFIT11L
1877,589,BFIT12F
1878,589,BFIT1
1879,589,BFIT2
1880,589,BFIT1
1881,589,BFIT1
1882,589,BFIT2
1883,589,BFIT1
1884,589,BFIT2
1885,589,BFIT1
1886,589,BFIT2
1887,119,BFRE11
1888,119,BFRE12
1889,1250,BFTP5
1890,1250,BFTP6
1891,1250,BFTP7
1892,1250,BFTP8
1893,1251,BGFF3
1894,1251,BGFF9
1895,70,BGIP7
1896,1252,BGOS3
1897,1252,BGOS4
1898,1253,BGSD3
1899,1253,BGSD4
1900,64,BHEQ3
1901,88,BHGR1
1902,88,BHGR9
1903,91,BIOB3
1904,91,BIOB5
1905,91,BIOB6
1906,91,BIOB7
1907,92,BIOM1
1908,92,BIOM2
1909,92,BIOM1
1910,92,BIOM10
1911,122,BISA1
1912,122,BISA1
1913,122,BISA1
1914,122,BISA9
1915,122,BISA9
1916,1254,BIVT3
1917,1254,BIVT4
1918,1255,BJVL6
1919,1256,BLHT5
1920,1257,BLME3
1921,1257,BLME4
1922,1258,BLPT4
1923,1259,BLSA5
1924,1260,BMAR3
1925,1261,BMBR4
1926,1261,BMBR9
1927,419,BMCT6
1928,419,BMCT12F
1929,419,BMCT12F
1930,419,BMCT12
1931,419,BMCT13F
1932,419,BMCT14F
1933,419,BMCT11F
1934,419,BMCT12
1935,419,BMCT3
1936,419,BMCT1
1937,419,BMCT2
1938,419,BMCT1
1939,419,BMCT2
1940,419,BMCT1
1941,419,BMCT2
1942,419,BMCT10
1943,416,BMEB1
1944,416,BMEB1
1945,416,BMEB9
1946,545,BNET3
1947,1262,BNSA5
1948,98,BOBR2
1949,98,BOBR10
1950,1263,BONE11L
1951,1264,BOQA5
1952,1265,BORB4
1953,118,BPLA3
1954,464,BPNM10
1955,501,BPRG3
1956,110,BRAP1
1957,110,BRAP2
1958,110,BRAP10
1959,1266,BRDM3
1960,1266,BRDM4
1961,477,BRDT3
1962,1267,BRES4
1963,1268,BRHA7
1964,1268,BRHA8
1965,1268,BRHA3
1966,1268,BRHA4
1967,1268,BRHA7
1968,1268,BRHA8
1969,1268,BRHA5
1970,1268,BRHA6
1971,1268,BRHA11F
1972,1268,BRHA12
1973,1268,BRHA9
1974,1268,BRHA10
1975,116,BRKM1
1976,116,BRKM2
1977,1269,BRME5
1978,1270,BRNR4
1979,77,BRSR4
1980,1271,BRTO3
1981,1271,BRTO4
1982,1271,BRTO1
1983,1271,BRTO2
1984,1271,BRTO2
1985,1271,BRTO2
1986,113,BRTP12F
1987,113,BRTP13F
1988,113,BRTP1
1989,113,BRTP2
1990,113,BRTP2
1991,113,BRTP2
1992,1272,BRTX5
1993,328,BSEG3
1994,1273,BSQE4
1995,65,BSUL7
1996,65,BSUL6
1997,87,BTAS3
1998,87,BTAS6
1999,87,BTAS7
2000,87,BTAS8
2001,1274,BTNS5
2002,1275,BTSP4
2003,1276,BUBA4
2004,126,BUET12F
2005,1277,BURI5
2006,1278,BUZE3
2007,1279,BVSP11L
2008,1280,BXAM5
2009,1281,BZNX3
2010,1281,BZNX4
2011,1282,CAAG5
2012,138,CABR5
2013,138,CABR13
2014,138,CABR3
2015,138,CABR2
2016,1283,CAET3
2017,1284,CAIA4
2018,1285,CAIB8
2019,1286,CAIU4
2020,1287,CAJB7
2021,1288,CAJU4
2022,1289,CALP6
2023,1290,CAMP5
2024,1291,CANE5
2025,447,CARB3
2026,447,CARB6
2027,1292,CAUE5
2028,1293,CAVV4
2029,1294,CBAP7
2030,1295,CBDP3
2031,1295,CBDP4
2032,42,CBEE5
2033,42,CBEE11L
2034,42,CBEE1
2035,42,CBEE9
2036,1296,CBFB4
2037,1297,CBFI3
2038,1297,CBFI4
2039,1298,CBLC3
2040,1299,CBLT5
2041,1300,CBMP11L
2042,1301,CBNT4
2043,1302,CBQM4
2044,1303,CBSA4
2045,1304,CBSC3
2046,198,CBTA3
2047,142,CBVI3
2048,1305,CCAR3
2049,1305,CCAR4
2050,1306,CCCC3
2051,1306,CCCC4
2052,1307,CCPA6
2053,1308,CDAS3
2054,131,CDOU3
2055,1309,CDZP3
2056,1309,CDZP5
2057,1309,CDZP6
2058,146,CEBR4
2059,146,CEBR2
2060,1310,CECI3
2061,1310,CECI6
2062,147,CEDO5
2063,181,CEEB4
2064,1311,CELB3
2065,1311,CELB4
2066,164,CESP4
2067,164,CESP1
2068,164,CESP2
2069,164,CESP1
2070,186,CGAS11F
2071,186,CGAS4
2072,186,CGAS11F
2073,186,CGAS2
2074,186,CGAS2
2075,186,CGAS2
2076,186,CGAS2
2077,186,CGAS2
2078,186,CGAS2
2079,186,CGAS2
2080,186,CGAS2
2081,186,CGAS2
2082,152,CGOS12F
2083,152,CGOS5
2084,314,CGRA2
2085,314,CGRA9
2086,314,CGRA10L
2087,314,CGRA9
2088,314,CGRA10L
2089,168,CHAP11T
2090,168,CHAP1
2091,168,CHAP2
2092,168,CHAP1
2093,168,CHAP2
2094,168,CHAP1
2095,168,CHAP1
2096,168,CHAP6
2097,168,CHAP9
2098,168,CHAP10F
2099,168,CHAP9
2100,168,CHAP10F
2101,168,CHAP9
2102,168,CHAP9
2103,1312,CHSF4
2104,1313,CHVH6
2105,1314,CIAG5
2106,1315,CIAS6
2107,1316,CICA4
2108,1317,CIIT3
2109,1317,CIIT4
2110,1318,CILC7
2111,1319,CIRG7
2112,1320,CJSC3
2113,1320,CJSC4
2114,177,CLAN10
2115,185,CLDX3
2116,1321,CLPI6
2117,151,CLSC6
2118,1322,CLTN4
2119,1323,CLZZ4
2120,1324,CMAG4
2121,159,CMGR7
2122,159,CMGR8
2123,1325,CMMG3
2124,1326,CMPA4
2125,1327,CMTA6
2126,1328,CNAL6
2127,1329,CNGA3
2128,1329,CNGA5
2129,1329,CNGA6
2130,1330,CNPT4
2131,1331,CNTE4
2132,1332,COBR3
2133,1333,COES3
2134,1333,COES4
2135,1334,COGU3
2136,1334,COGU4
2137,1334,COGU1
2138,1334,COGU2
2139,1334,COGU6
2140,1335,CONA8
2141,1336,CONP5
2142,193,COPA3
2143,1337,CORB4
2144,1338,CPAA11
2145,650,CPCA3
2146,1339,CPEE3
2147,1339,CPEE4
2148,205,CPFG1
2149,205,CPFG2
2150,205,CPFG9
2151,205,CPFG10L
2152,286,CPFL3
2153,286,CPFL2
2154,286,CPFL2
2155,286,CPFL6
2156,1340,CPFT5
2157,1341,CPLA7
2158,195,CPLE4
2159,1342,CPNE3
2160,1342,CPNE5
2161,1342,CPNE6
2162,1343,CPNR5
2163,1162,CPRI6
2164,1161,CPTP1
2165,1161,CPTP1
2166,1161,CPTP9
2167,1161,CPTP9
2168,1344,CQUE3
2169,1344,CQUE5
2170,1344,CQUE6
2171,1344,CQUE7
2172,1344,CQUE8
2173,1344,CQUE4
2174,136,CRBM11F
2175,208,CRDE1
2176,209,CREM4
2177,1345,CRFI3
2178,1345,CRFI4
2179,212,CRGT3
2180,1346,CRIM5
2181,1347,CRMU6
2182,1348,CRSE4
2183,211,CRTP1
2184,211,CRTP1
2185,211,CRTP1
2186,211,CRTP1
2187,211,CRTP9
2188,211,CRTP9
2189,1349,CRTS4
2190,199,CSAN1
2191,199,CSAN1
2192,199,CSAN11
2193,1350,CSEG11
2194,1351,CSIL5
2195,1352,CSIP3
2196,1352,CSIP6
2197,1353,CSLB6
2198,194,CSMG12F
2199,194,CSMG11F
2200,570,CSNA70
2201,570,CSNA80
2202,1354,CSPA5
2203,1355,CSPP3
2204,1356,CSTA7
2205,572,CSTB5
2206,572,CSTB6
2207,1357,CSTC6
2208,1358,CSUL3
2209,1359,CTAN3
2210,1359,CTAN5
2211,1359,CTAN8
2212,1360,CTAP3
2213,191,CTAX12F
2214,1361,CTBR4
2215,1362,CTCE5
2216,1363,CTCO3
2217,1364,CTDH6
2218,166,CTIP9
2219,166,CTIP9
2220,1365,CTMD5
2221,1366,CTNE5
2222,203,CTNM11T
2223,203,CTNM2
2224,1367,CTRA3
2225,1368,CTSJ4
2226,1369,CTTR3
2227,1370,CTVL5
2228,1371,CTXA7
2229,1372,CTXP3
2230,1373,CVCO5
2231,1374,CVPL5
2232,217,CYRE12F
2233,218,CZAR3
2234,1375,DATA3
2235,1375,DATA4
2236,222,DAYC12L
2237,1376,DBRE3
2238,1377,DEER11L
2239,1377,DEER12L
2240,1079,DELL11B
2241,1378,DENP5
2242,1379,DENV7
2243,1380,DFBA4
2244,1381,DISA3
2245,1381,DISA4
2246,1382,DIXI4
2247,1383,DOVA3
2248,1383,DOVA4
2249,1384,DRMT5
2250,1385,DROG3
2251,1385,DROG9
2252,1385,DROG10
2253,235,DTCY1
2254,235,DTCY1
2255,235,DTCY1
2256,235,DTCY9
2257,238,DTEX11
2258,238,DTEX11L
2259,239,DURA10
2260,1386,EARL3
2261,1386,EARL4
2262,1387,EBAM4
2263,1388,EBER3
2264,1388,EBER4
2265,1388,EBER2
2266,1389,EBTL3
2267,258,EBTP2
2268,258,EBTP1
2269,258,EBTP2
2270,258,EBTP1
2271,258,EBTP2
2272,258,EBTP1
2273,258,EBTP2
2274,258,EBTP1
2275,258,EBTP2
2276,258,EBTP1
2277,258,EBTP9
2278,258,EBTP10F
2279,1390,ECLP3
2280,1390,ECLP4
2281,1391,ECMD5
2282,1391,ECMD7
2283,1392,ECMR7
2284,1393,ECOD3
2285,1393,ECOD1
2286,1393,ECOD1
2287,1393,ECOD9
2288,1393,ECOD9
2289,149,NCT5
2290,1394,EGVX3
2291,1394,EGVX4
2292,247,EKTR2
2293,1395,ELBR4
2294,1396,ELCA7
2295,1396,ELCA8
2296,1396,ELCA9
2297,1396,ELCA3
2298,1396,ELCA5
2299,1396,ELCA6
2300,1396,ELCA4
2301,1396,ELCA1
2302,1396,ELCA2
2303,1396,ELCA2
2304,1396,ELCA11
2305,248,ELET1
2306,248,ELET2
2307,248,ELET2
2308,248,ELET2
2309,248,ELET9
2310,248,ELET12F
2311,1397,ELIA6
2312,1398,ELIZ5
2313,1399,ELMJ3
2314,1399,ELMJ4
2315,1400,ELND3
2316,1400,ELND5
2317,1400,ELND6
2318,1400,ELND4
2319,1400,ELND1
2320,250,ELPL11F
2321,250,ELPL6
2322,250,ELPL2
2323,250,ELPL2
2324,250,ELPL9
2325,250,ELPL10F
2326,1401,ELTM7
2327,254,ELUM9
2328,254,ELUM6
2329,1402,EMAP4
2330,1403,EMBA4
2331,257,EMBR12
2332,257,EMBR11T
2333,257,EMBR5
2334,257,EMBR11F
2335,257,EMBR1F
2336,257,EMBR2
2337,257,EMB5
2338,257,EMB5
2339,257,EMB9
2340,1404,EMRC3
2341,1404,EMRC5
2342,306,EMXS3
2343,260,ENBR1
2344,262,ENER8
2345,262,ENER8
2346,261,ENGI1
2347,261,ENGI2
2348,261,ENGI2
2349,1405,ENLT6
2350,1405,ENLT5
2351,1405,ENLT3
2352,158,ENMAB
2353,158,ENMAF
2354,1406,ENSE3
2355,1406,ENSE4
2356,1407,EPED3
2357,1407,EPED4
2358,1408,EPRE7
2359,1409,ESPL5
2360,1410,ESPN6
2361,273,ETER1
2362,273,ETER9
2363,273,ETER9
2364,275,EVEN1
2365,1411,FACE6
2366,183,FAPC3
2367,1412,FAQS4
2368,1413,FARO3
2369,1413,FARO4
2370,1414,FATO3
2371,1414,FATO4
2372,291,FBMC6
2373,1415,FCEP7
2374,1416,FCHT3
2375,1416,FCHT4
2376,1417,FCPN4
2377,1418,FCSA5
2378,1419,FEMI5
2379,1420,FGAN5
2380,1421,FGBA7
2381,1422,FGIP6
2382,1423,FGNE5
2383,298,FGOS3
2384,1424,FGTL4
2385,1425,FIAB5
2386,1426,FIAS6
2387,1427,FIOT5
2388,1428,FIPA5
2389,1429,FIPS5
2390,1430,FJSA5
2391,1431,FJSN5
2392,1432,FLAM5
2393,279,FLCL1
2394,279,FLCL9
2395,1433,FLOR5
2396,1434,FMBC4
2397,1435,FNBS5
2398,1435,FNBS6
2399,1436,FPED8
2400,1437,FPSR6
2401,1438,FRCL4
2402,1439,FRGV5
2403,1440,FRIG3
2404,1440,FRIG4
2405,1441,FRIS3
2406,1441,FRIS4
2407,1442,FRPI5
2408,104,FRPS2
2409,104,FRPS1
2410,1443,FRTR4
2411,1444,FSMR5
2412,1445,FTLR5
2413,1446,FTRD5
2414,1447,FTSA5
2415,287,FTSE3
2416,1448,FTSH8
2417,289,FTSU3
2418,1449,FVRC5
2419,1450,FVRI4
2420,1451,FZIT5
2421,1452,FZOL7
2422,1453,FZSPL
2423,1453,FZSPL
2424,1453,FZSPL
2425,1453,FZSPL
2426,1454,FZSV7
2427,401,GALO3
2428,1455,GAVN3
2429,1455,GAVN4
2430,1456,GFTT3
2431,1456,GFTT4
2432,1457,GIAN4
2433,1458,GIPS5
2434,1147,GLOBL
2435,1147,GLOB1
2436,1147,GLOB3
2437,1147,GLOB1
2438,1459,GLTR1
2439,1460,GMEC4
2440,1461,GMSA3
2441,308,GOAU1
2442,308,GOAU2
2443,310,GOLLF
2444,310,GOLL0
2445,312,GPCP1
2446,312,GPCP9
2447,1462,GRAN5
2448,1463,GRDA3
2449,1463,GRDA4
2450,1464,GRDN4
2451,315,GRNDF
2452,1465,GRNT5
2453,1466,GRPA3
2454,1466,GRPAF
2455,1467,GRSU3
2456,1467,GRSU5
2457,1467,GRSU6
2458,1467,GRSU1
2459,1467,GRSU2
2460,1467,GRSU2
2461,1467,GRSU2
2462,1467,GRSU1
2463,1468,GSTL4
2464,1469,GTCZ4
2465,1470,GURG3
2466,1470,GURG4
2467,1471,GXPE5
2468,323,HBOR1
2469,1472,HBRN5
2470,1472,HBRN8
2471,1473,HEBQ3
2472,1473,HEBQ4
2473,1473,HEBQ2
2474,1474,HELC5
2475,1475,HERI3
2476,1475,HERI4
2477,1476,HGNN3
2478,1476,HGNN6
2479,1477,HGPS5
2480,1478,HMSL6
2481,1099,HNZBB
2482,1479,HOAM6
2483,327,HRTP1
2484,1480,HTAL5
2485,1481,HTJT5
2486,1482,HTRP4
2487,329,HYPEF
2488,1483,IAPI7
2489,1484,IAPS3
2490,1484,IAPS4
2491,47,IBAN6
2492,47,IBAN4
2493,47,IBAN9
2494,47,IBANF
2495,1485,IBNB3
2496,1485,IBNB9
2497,1486,IBOV0
2498,51,IBPI3
2499,1487,IBRS6
2500,1488,IBXL7
2501,1489,ICFB3
2502,1489,ICFB4
2503,100,IDCOL
2504,100,IDCOL
2505,330,IDNTF
2506,330,IDNT1
2507,330,IDNT1
2508,330,IDNT1
2509,330,IDNT1
2510,330,IDNT1
2511,330,IDNTL
2512,1490,IDPD5
2513,1490,IDPD6
2514,1491,IDRL4
2515,340,IDVLF
2516,340,IDVLL
2517,331,IENG4
2518,332,IGBR9
2519,1492,IGBS6
2520,1493,IGSA5
2521,1494,IJPT5
2522,690,ILMD2
2523,690,ILMDF
2524,1495,ILPS6
2525,230,IMBI1
2526,230,IMBI1
2527,230,IMBI1
2528,230,IMBI1
2529,1496,IMCO4
2530,1497,IMSP3
2531,1498,INCSL
2532,1498,INCS6
2533,341,INEP6
2534,341,INEP2
2535,341,INEP2
2536,341,INEP1
2537,341,INEP2
2538,341,INEP1
2539,341,INEPP
2540,341,INEP6
2541,341,INEP2
2542,341,INEPL
2543,341,INEPF
2544,341,INEP9
2545,341,INEP0
2546,341,INEP9
2547,1499,INFM3
2548,1499,INFM4
2549,1500,INGA4
2550,1501,INNB5
2551,1502,INPR3
2552,1502,INPR1
2553,1503,INTC4
2554,1504,INVT7
2555,1505,IOGS6
2556,1506,IPJC5
2557,1507,IPZA5
2558,1508,IRCM6
2559,1509,IRID3
2560,1510,ITAU3
2561,1510,ITAU4
2562,1510,ITAU0
2563,1510,ITAU0
2564,1510,ITAU5
2565,1510,ITAU6
2566,1510,ITAU8
2567,1510,ITAU9
2568,1510,ITAU0
2570,1510,ITAU0
2571,1510,ITAU1
2572,1510,ITAU0
2573,1510,ITAU5
2575,1510,ITAU2
2576,1510,ITAU9
2578,1510,ITAU0
2579,1510,ITAU1
2580,1511,ITBA7
2581,1512,ITBP3
2582,1512,ITBP4
2583,350,ITEC5
2584,350,ITEC5
2585,350,ITEC4
2586,350,ITECF
2587,1513,ITGY5
2588,1514,ITIN3
2589,1514,ITIN4
2590,48,ITLM3
2591,48,ITLM6
2592,1515,ITPL7
2593,111,ITPS3
2594,1516,ITRA5
2595,349,ITSAF
2596,349,ITSA0
2597,349,ITSA0
2598,349,ITSAF
2599,349,ITSAF
2600,349,ITSAF
2601,349,ITSAF
2602,349,ITSAF
2603,349,ITSAF
2604,349,ITSAF
2605,349,ITSAF
2606,349,ITSAF
2607,349,ITSAF
2608,349,ITSAF
2609,349,ITSAF
2610,349,ITSAF
2611,1517,ITTBL
2612,351,ITUB2
2613,351,ITUB7
2614,351,ITUB8
2615,351,ITUB0
2616,351,ITUB2
2617,351,ITUB8
2618,351,ITUB5
2619,351,ITUB6
2620,351,ITUB1
2621,351,ITUB2
2622,351,ITUB5
2623,1518,IVCT4
2624,184,IVILF
2625,184,IVIL3
2626,184,IVIL1
2627,1519,IVTE3
2628,1519,IVTE4
2629,1520,IVTLF
2630,1521,IVTT3
2631,1522,JARI3
2632,1522,JARI6
2633,354,JBDU0
2634,354,JBDU9
2635,354,JBDU0
2636,354,JBDU9
2637,354,JBDUF
2638,354,JBDU9
2639,354,JBDUF
2640,354,JBDU9
2641,354,JBDU0
2642,354,JBDU9
2643,354,JBDU0
2644,354,JBDU9
2645,354,JBDU0
2646,354,JBDU9
2647,354,JBDU9
2648,354,JBDU0
2649,354,JBDU9
2650,354,JBDU0
2651,356,JBSSF
2652,356,JBSS1
2653,356,JBSS1
2654,356,JBSS1
2655,356,JBSS9
2656,356,JBSS9
2657,355,JFAB3
2658,1523,JHSS3
2659,1523,JHSS4
2660,1524,JOAG6
2661,1525,JOBX6
2662,1526,JOCA4
2663,1527,JOIN4
2664,1528,JSRF7
2665,1529,JTAM8
2666,1530,JUNC6
2667,363,KEPL4
2668,363,KEPL2
2669,363,KEPLF
2670,363,KEPLL
2671,363,KEPL2
2672,363,KEPLL
2673,1531,KLAB3
2674,1531,KLAB4
2675,365,KLBNF
2676,1532,KRON5
2677,367,KROTF
2678,367,KROTF
2679,367,KROTF
2680,367,KROT9
2681,367,KROT0
2682,1533,KSBA6
2683,1534,LABA3
2684,1534,LABA4
2685,1535,LACT3
2686,1535,LACT4
2687,1536,LAEL3
2688,1536,LAEL4
2689,1537,LAMC5
2690,386,LAME8
2691,386,LAMEF
2692,386,LAMEL
2693,386,LAME6
2694,386,LAME9
2695,386,LAMEF
2696,1538,LASA7
2697,1108,LATMF
2698,528,LATS6
2699,528,LATS4
2700,1539,LCHF5
2701,1540,LCMB5
2702,743,LCSA1
2703,1541,LDRI3
2704,1541,LDRI4
2705,1542,LEIB3
2706,1542,LEIB4
2707,427,LETO4
2708,1543,LGAR5
2709,376,LIAS3
2710,1544,LIBP3
2711,1545,LIGB4
2712,1546,LIGH1
2713,1546,LIGH3
2714,1546,LIGHF
2715,1546,LIGH1
2716,1546,LIGH1
2717,1546,LIGH1
2718,1546,LIGH1
2719,1546,LIGH9
2720,1546,LIGH9
2721,1546,LIGH9
2722,1547,LIMA4
2723,249,LIPR1
2724,115,LITS4
2725,747,LLXL9
2726,747,LLXL9
2727,1548,LMAR4
2728,1549,LMNT6
2729,1110,LNKDB
2730,1550,LNME3
2731,1550,LNME4
2732,387,LOAR3
2733,1551,LOBR6
2734,1551,LOBR3
2735,1551,LOBR4
2736,392,LORZ3
2737,1552,LPCA3
2738,391,LPSB1
2739,391,LPSB1
2740,1553,LRMD7
2741,1554,LSEH4
2742,1555,LUMS4
2743,393,LUPAF
2744,393,LUPA9
2745,393,LUPA9
2746,1556,MACH3
2747,396,MADE3
2748,396,MADE9
2749,396,MADE6
2750,399,MAGG1
2751,399,MAGG1
2752,399,MAGG9
2753,399,MAGG9
2754,129,MAHS3
2755,129,MAHS2
2756,1557,MALO5
2757,1558,MAOR3
2758,1558,MAOR4
2759,1559,MARI3
2760,1560,MARO4
2761,1561,MASO4
2762,1562,MATC3
2763,1562,MATC4
2764,1563,MCMR4
2765,1564,MCPC6
2766,1565,MCRJL
2767,1566,MCRT4
2768,1567,MCTX5
2769,1568,MDAL4
2770,1569,MDDT3
2771,1569,MDDT4
2772,1570,MDEF5
2773,1571,MDNT5
2774,1571,MDNT7
2775,1572,MDOU3
2776,1572,MDOU4
2777,1573,MDZZ5
2778,1574,MEAR5
2779,1575,MECP3
2780,1575,MECP4
2781,1576,MEHH4
2782,415,MEND8
2783,415,MEND9
2784,1577,MEPA3
2785,1577,MEPA6
2786,1577,MEPA7
2787,420,MESB3
2788,1578,MFRA6
2789,1578,MFRA8
2790,1579,MGMA5
2791,1580,MGUS5
2792,1581,MHAN3
2793,1582,MIBV3
2794,1583,MICR4
2795,1584,MIMO3
2796,1584,MIMO4
2797,400,MLCF3
2798,357,MLFT2
2799,357,MLFTF
2800,357,MLFTF
2801,357,MLFT2
2802,414,MLPA2
2803,1585,MLSA3
2804,1585,MLSA4
2805,433,MMXM1
2806,433,MMXM1
2807,433,MMXM1
2808,433,MMXM9
2809,433,MMXM9
2810,433,MMXM9
2811,1586,MNCO5
2812,440,MNDL1
2813,1587,MNPM6
2814,432,MNPR1
2815,432,MNPR1
2816,432,MNPR1
2817,432,MNPR1
2818,432,MNPR9
2819,432,MNPR9
2820,432,MNPR9
2821,434,MOAR1
2822,1588,MPLI4
2823,1589,MPXE3
2824,1589,MPXEF
2825,1589,MPXE1
2826,1589,MPXE1
2827,1589,MPXE9
2828,1589,MPXEE
2829,1590,MRBA5
2830,1591,MRCA4
2831,1592,MRDP5
2832,408,MRFGF
2833,408,MRFG1
2834,408,MRFG9
2835,1593,MRGM6
2836,1594,MROE3
2837,1594,MROE4
2838,1595,MRRF7
2839,1595,MRRF8
2840,1159,MRSA3
2841,1159,MRSA6
2842,409,MRSL2
2843,128,MSAN1
2844,128,MSAN2
2845,1596,MSCR6
2846,1117,MSTO4
2847,1597,MSTR5
2848,1597,MSTR6
2849,1597,MSTR2
2850,1598,MTAM5
2851,1598,MTAM6
2852,1599,MTBR3
2853,1599,MTBR4
2854,1600,MTCS3
2855,1600,MTCS4
2856,422,MTIG2
2857,422,MTIGF
2858,1601,MTPS3
2859,1601,MTPS4
2860,1602,MTXT3
2861,1602,MTXT4
2862,437,MULL3
2863,1603,MUND3
2864,1603,MUND4
2865,344,MYPK5
2866,344,MYPK7
2867,344,MYPK2
2868,344,MYPK5
2869,443,NAKT3
2870,1604,NCSG3
2871,1605,NEAS5
2872,594,NEMO4
2873,594,NEMOF
2874,446,NETC9
2875,446,NETCF
2876,446,NETCF
2877,446,NETCF
2878,1606,NHCS3
2879,1607,NHOT5
2880,1608,NOGA6
2881,1609,NOVA3
2882,1609,NOVA4
2883,1610,NPLC4
2884,1611,NPLT4
2885,1612,NPSC7
2886,1613,NSAL6
2887,1614,NTRS3
2888,1614,NTRS5
2889,1615,NUTG5
2890,1616,NVAG7
2891,1617,NVDL5
2892,1617,NVDL7
2893,1618,NVES5
2894,1619,NVFR4
2895,1620,NVMD7
2896,1621,NVST5
2897,453,ODBE3
2898,1622,OHLB3
2899,457,OIBR0
2900,459,OLVB3
2901,1623,OPDC3
2902,1624,OPLM7
2903,1625,OPRE3
2904,460,ORIO3
2905,1626,ORNX3
2906,1626,ORNX4
2907,1627,OSAO3
2908,1627,OSAO4
2909,462,OXIT3
2910,1628,OXNE6
2911,1629,OYAM5
2912,1630,PAAP3
2913,1630,PAAP4
2914,1631,PACA4
2915,1632,PAGU5
2916,1633,PAIN3
2917,1633,PAIN4
2918,471,PALFF
2919,471,PALFF
2920,471,PALF4
2921,471,PALFF
2922,471,PALF2
2923,471,PALF2
2924,471,PALFF
2925,471,PALFF
2926,1634,PARK4
2927,465,PATI0
2928,465,PATI9
2929,465,PATIL
2930,465,PATIF
2931,465,PATI9
2932,465,PATIL
2933,1635,PAUR4
2934,463,PCAR8
2935,463,PCAR1
2936,463,PCAR5
2937,463,PCARF
2938,463,PCAR6
2939,463,PCARF
2940,1636,PCTB5
2941,1637,PDAL3
2942,1637,PDAL4
2943,1638,PDGO7
2944,1638,PDGO0
2945,1638,PDGO8
2946,1638,PDGO7
2947,1638,PDGO3
2948,1638,PDGO4
2949,1638,PDGO6
2950,1638,PDGO6
2951,472,PDGRF
2952,472,PDGRF
2953,472,PDGRF
2954,1639,PDIN3
2955,1639,PDIN4
2956,1640,PDRV6
2957,478,PEFX6
2958,476,PETR0
2959,476,PETR0
2960,476,PETR5
2961,476,PETR8
2962,476,PETR0
2963,476,PETR1
2964,476,PETR2
2965,476,PETR5
2966,476,PETR6
2967,476,PETR7
2968,476,PETR5
2969,476,PETR9
2970,476,PETR0
2971,476,PETR1
2972,476,PETR8
2973,476,PETR9
2974,476,PETR0
2975,476,PETR1
2976,476,PETR0
2977,476,PETR1
2978,476,PETR8
2979,476,PETR0
2980,476,PETR2
2981,476,PETR1
2982,476,PETR6
2983,476,PETR7
2984,476,PETR8
2985,476,PETR5
2986,476,PETR6
2987,476,PETR1
2988,476,PETR2
2989,476,PETR5
2990,476,PETR9
2991,476,PETRL
2992,1641,PETT3
2993,1642,PFAG5
2994,1643,PFRD3
2995,1643,PFRD4
2996,1129,PHMO4
2997,1644,PICO3
2998,1644,PICO4
2999,1645,PIJU3
3000,1645,PIJU4
3001,1646,PILC3
3002,1646,PILC4
3003,484,PINE2
3004,484,PINE2
3005,484,PINE2
3006,1647,PISA3
3007,1647,PISA5
3008,374,PITI1
3009,374,PITI6
3010,374,PITI2
3011,1648,PIUM3
3012,1648,PIUM4
3013,487,PLASF
3014,487,PLAS1
3015,487,PLAS2
3016,487,PLAS0
3017,1649,PLIM3
3018,1649,PLIM4
3019,1649,PLIM2
3020,1649,PLIM2
3021,1649,PLIM2
3022,1649,PLIM1
3023,1649,PLIM0
3024,1649,PLIMF
3025,470,PMAM1
3026,470,PMAM2
3027,470,PMAM9
3028,470,PMAMF
3029,1650,PMSA3
3030,1650,PMSA4
3031,1651,PMTL4
3032,1652,PNSC7
3033,466,PNXS3
3034,1653,POCO3
3035,1653,POCO4
3036,1654,POJU7
3037,407,POMO6
3038,490,POPR1
3039,490,POPR2
3040,490,POPR9
3041,490,POPR6
3042,1655,PPHT5
3043,1656,PPSA4
3044,469,PRBCF
3045,468,PRBN3
3046,1123,PREB1
3047,1657,PREQ3
3048,1657,PREQ4
3049,121,PRGA3
3050,1658,PRGM5
3051,1659,PRNB6
3052,1660,PRNP3
3053,1661,PROD3
3054,1661,PROD4
3055,1662,PRPT3
3056,1663,PSIM8
3057,1663,PSIM6
3058,1663,PSIM4
3059,1663,PSIM2
3060,1664,PSRA6
3061,495,PTBL2
3062,495,PTBL1
3063,495,PTBL2
3064,495,PTBL2
3065,495,PTBLF
3066,495,PTBLF
3067,1665,PTEX4
3068,1666,PTYN3
3069,483,PVFS3
3070,581,PVLT1
3071,581,PVLT9
3072,482,PVPRF
3073,482,PVPR3
3074,482,PVPR1
3075,482,PVPR2
3076,1667,PWBR3
3077,1667,PWBR4
3078,510,QGNE3
3079,1668,QGNP3
3080,1668,QGNP4
3081,1669,QMSN3
3082,1669,QMSN5
3083,1669,QMSN6
3084,1670,QUEN5
3085,1671,QVCP5
3086,1671,QVCP6
3087,1672,RARO7
3088,1673,RAYF5
3089,1674,RBCS3
3090,1675,RBRA3
3091,1676,RCCM4
3092,1677,RCES0
3093,1678,RCML1
3094,517,RCPR5
3095,517,RCPR6
3096,517,RCPR7
3097,517,RCPR8
3098,517,RCPR1
3099,517,RCPR2
3100,1679,RCRO5
3101,748,RCSA1
3102,520,RCSL1
3103,520,RCSL2
3104,520,RCSL1
3105,520,RCSL2
3106,520,RCSL1
3107,520,RCSL2
3108,520,RCSL1
3109,520,RCSL2
3110,520,RCSL9
3111,520,RCSLL
3112,520,RCSL9
3113,520,RCSLL
3114,520,RCSL9
3115,520,RCSLL
3116,520,RCSL9
3117,520,RCSLL
3118,1156,RCTBE
3119,1156,RCTBE
3120,1156,RCTBF
3121,1156,RCTBF
3122,1156,RCTBF
3123,1156,RCTB42
3124,1156,RCTBF
3125,1680,RDNR5
3126,1681,RECF3
3127,1681,RECF6
3128,1681,RECF4
3129,521,REDE9
3130,521,REDE0
3131,245,REPA3
3132,1682,RFRI5
3133,530,RGEGF
3134,530,RGEG1
3135,1683,RGRT8
3136,394,RHDS1
3137,394,RHDS9
3138,524,RHER3
3139,1684,RHFP3
3140,1684,RHFP4
3141,1685,RIMA6
3142,1686,RIMO3
3143,1686,RIMO4
3144,1687,RIOB5
3145,1687,RIOB6
3146,1688,RIOG3
3147,1688,RIOG4
3148,1688,RIOG1
3149,1688,RIOG2
3150,1688,RIOG6
3151,533,RJCP1
3152,533,RJCP1
3153,533,RJCP1
3154,533,RJCP1
3155,533,RJCP1
3156,1689,RMID5
3157,525,RNAR1
3158,525,RNAR1
3159,525,RNAR9
3160,525,RNAR9
3161,527,RNEWL
3162,527,RNEW9
3163,527,RNEWL
3164,527,RNEW9
3165,1690,RNGR7
3166,1691,ROLI3
3167,35,ROSI3
3168,475,RPMG2
3169,475,RPMG2
3170,475,RPMG2
3171,475,RPMG2
3172,519,RPPR5
3173,532,RPSAT
3174,535,RSID1
3175,535,RSID1
3176,535,RSID9
3177,535,RSID9
3178,515,RSIP1
3179,515,RSIP2
3180,515,RSIP1
3181,515,RSIP2
3182,1692,RSLN5
3183,1693,SABZ4
3184,1694,SADE3
3185,1694,SADE4
3186,1695,SAEL3
3187,1695,SAEL5
3188,1695,SAEL6
3189,20,SAGR3
3190,1696,SALG5
3191,1696,SALG6
3192,1697,SAMA5
3193,541,SAMI3
3194,544,SANB1
3195,544,SANB2
3196,544,SANB1
3197,544,SANB2
3198,544,SANBF
3199,544,SANB9
3200,544,SANBF
3201,544,SANB9
3202,544,SANBF
3203,1698,SANO3
3204,1698,SANO4
3205,542,SAPR2
3206,590,SASG1
3207,590,SASG9
3208,1699,SATI3
3209,1700,SBAS5
3210,1700,SBAS6
3211,1701,SBNO4
3212,538,SBSP6
3213,538,SBSPF
3214,538,SBSP1
3215,538,SBSP1
3216,538,SBSP1
3217,538,SBSP1
3218,1702,SCNR5
3219,1703,SCON3
3220,1703,SCON4
3221,1704,SDMI4
3222,1705,SDOK3
3223,1705,SDOK4
3224,1706,SEBE3
3225,1706,SEBE4
3226,1707,SEBP3
3227,1707,SEBP11
3228,1708,SECO6
3229,1709,SEME4
3230,562,SEMP1
3231,1710,SFCI6
3232,1711,SFRA5
3233,577,SFSA2
3234,1712,SGON5
3235,585,SGPS1
3236,585,SGPS1
3237,585,SGPS9
3238,1713,SGSA4
3239,1714,SGUA3
3240,1714,SGUA4
3241,1715,SHAL5
3242,566,SHAP5
3243,566,SHAP3
3244,1716,SHPA4
3245,568,SIBR3
3246,568,SIBR5
3247,568,SIBR6
3248,1717,SIDI4
3249,574,SIFC3
3250,574,SIFC9
3251,1718,SIME3
3252,1718,SIME4
3253,1719,SIMR5
3254,1720,SLAE3
3255,578,SLAL2
3256,578,SLAL3
3257,578,SLAL1
3258,578,SLAL1
3259,578,SLAL9
3260,1721,SLCL4
3261,553,SLED5
3262,553,SLED6
3263,553,SLED2
3264,553,SLEDF
3265,1722,SLES3
3266,1722,SLES4
3267,1723,SLSA6
3268,1724,SMLH3
3269,1724,SMLH4
3270,1725,SMNE7
3271,552,SMTO1
3272,1726,SNCS4
3273,1727,SNMR7
3274,1728,SNOP5
3275,1729,SOES6
3276,1729,SOES3
3277,1729,SOES4
3278,137,SOLO3
3279,1730,SPAL6
3280,1731,SPBA5
3281,1731,SPBA8
3282,1732,SPCI3
3283,1732,SPCI4
3284,1733,SPDR5
3285,1734,SPGR3
3286,1734,SPGR4
3287,1735,SPIH3
3288,1735,SPIH4
3289,1736,SPLC1
3290,1737,SPPE3
3291,1737,SPPE4
3292,584,SPRI8
3293,584,SPRI4
3294,584,SPRI1
3295,584,SPRI1
3296,584,SPRI1
3297,584,SPRI1
3298,584,SPRI9
3299,584,SPRI8
3300,584,SPRI9
3301,584,SPRI8
3302,584,SPRI9
3303,584,SPRI9
3304,584,SPRI9
3305,584,SPRI9
3306,584,SPRI9
3307,584,SPRI9
3308,1738,SPRT3
3309,1739,SRMJ4
3310,1740,SRSA3
3311,1741,STCT3
3312,1741,STCT4
3313,1742,STEDF
3314,1742,STED3
3315,1742,STED5
3316,1742,STED4
3317,1743,STFE5
3318,1744,STGM3
3319,1745,STLB3
3320,1745,STLB1
3321,1746,STNR6
3322,1747,SUAP5
3323,1748,SUIS6
3324,1749,SURS3
3325,1749,SURS4
3326,1750,SUZA4
3327,595,SUZB2
3328,595,SUZBF
3329,595,SUZBF
3330,1751,SVXE3
3331,1752,TAGR5
3332,1753,TALC8
3333,598,TAMM1
3334,598,TAMM9
3335,599,TAMR3
3336,1754,TANC3
3337,1754,TANC4
3338,1755,TATE3
3339,618,TBAC7
3340,618,TBAC2
3341,1756,TBAS3
3342,1756,TBAS4
3343,1756,TBAS2
3344,611,TBCP3
3345,1757,TBOA4
3346,1758,TBRC3
3347,1758,TBRC6
3348,621,TBRS5
3349,1759,TBUB4
3350,1760,TCBC3
3351,1761,TCHG5
3352,606,TCNO1
3353,612,TCOC1
3354,612,TCOC2
3355,612,TCOC1
3356,612,TCOC1
3357,612,TCOC9
3358,612,TCOCF
3359,612,TCOC9
3360,639,TCSL3
3361,639,TCSL1
3362,639,TCSL2
3363,639,TCSL1
3364,639,TCSL2
3365,639,TCSL1
3366,639,TCSL2
3367,639,TCSL1
3368,639,TCSL2
3369,639,TCSL1
3370,639,TCSL2
3371,639,TCSL1
3372,639,TCSL2
3373,639,TCSL1
3374,639,TCSL2
3375,639,TCSL1
3376,639,TCSL2
3377,639,TCSL1
3378,639,TCSL2
3379,639,TCSL1
3380,1762,TCSPF
3381,1762,TCSP3
3382,1762,TCSP4
3383,1762,TCSP1
3384,1762,TCSP1
3385,1763,TCTN5
3386,1764,TCVS5
3387,623,TDBH2
3388,623,TDBH2
3389,1765,TECHF
3390,1138,TEFCF
3391,1138,TEFCT
3392,609,TEKA1
3393,609,TEKA2
3394,619,TELB0
3395,619,TELB0
3396,619,TELB1
3397,619,TELB1
3398,619,TELB1
3399,619,TELBF
3400,619,TELB9
3401,1766,TEPRF
3402,1766,TEPRF
3403,1766,TEPR2
3404,1766,TEPR13
3405,1766,TEPRT
3406,1766,TEPRF
3407,1766,TEPR6
3408,1766,TEPR7
3409,1766,TEPRT
3410,1766,TEPRF
3411,1766,TEPRF
3412,1766,TEPRF
3413,1766,TEPRF
3414,1766,TEPRF
3415,1766,TEPR5
3416,1766,TEPR5
3417,1766,TEPRF
3418,1766,TEPRF
3419,1766,TEPRF
3420,1766,TEPR0
3421,1766,TEPR1
3422,1766,TEPRF
3423,1766,TEPRT
3424,1766,TEPR1
3425,1766,TEPR3
3426,1766,TEPR4
3427,1766,TEPR1
3428,1766,TEPR2
3429,1766,TEPR2
3430,1766,TEPR5
3431,1767,TEQU4
3432,635,TERI1
3433,1768,TERJ3
3434,1768,TERJ4
3435,1768,TERJ1
3436,1768,TERJ2
3437,1768,TERJ2
3438,1768,TERJ2
3439,1768,TERJ2
3440,1768,TERJ5
3441,1768,TERJ15
3442,1769,TESE3
3443,1770,TFTR4
3444,1139,TGLT1
3445,1771,TGRA3
3446,1771,TGRA4
3447,1772,TGUA7
3448,1773,TIGR3
3449,1774,TLAL8
3450,1775,TLAP6
3451,613,TLCPF
3452,613,TLCPF
3453,613,TLCPF
3454,613,TLCPF
3455,613,TLCP7
3456,613,TLCP1
3457,613,TLCP2
3458,613,TLCP1
3459,613,TLCP1
3460,613,TLCP9
3461,613,TLCP0
3462,1776,TLMP3
3463,631,TLPPF
3464,631,TLPPF
3465,631,TLPPF
3466,631,TLPP3
3467,631,TLPP4
3468,631,TLPP2
3469,1777,TLSP3
3470,1777,TLSP4
3471,1777,TLSP1
3472,1777,TLSP1
3473,1777,TLSP2
3474,1777,TLSP2
3475,1777,TLSP2
3476,1777,TLSP2
3477,1777,TLSP2
3478,1777,TLSP2
3479,1777,TLSP9
3480,1777,TLSP5
3481,1777,TLSPF
3482,1777,TLSP0
3483,1778,TLUX3
3484,1778,TLUX4
3485,1779,TLVT3
3486,37,TMAC3
3487,37,TMAC5
3488,37,TMAC6
3489,37,TMAC7
3490,37,TMAC8
3491,37,TMACF
3492,625,TMARF
3493,625,TMAR1
3494,625,TMAR2
3495,628,TMCP2
3496,628,TMCP1
3497,628,TMCP2
3498,628,TMCP1
3499,628,TMCP2
3500,628,TMCP1
3501,628,TMCP2
3502,628,TMCP2
3503,628,TMCP2
3504,628,TMCP1
3505,628,TMCP2
3506,628,TMCP1
3507,628,TMCP2
3508,628,TMCP2
3509,628,TMCP2
3510,627,TMGC1
3511,627,TMGC2
3512,626,TMGRF
3513,626,TMGR5
3514,626,TMGR7
3515,626,TMGR8
3516,626,TMGRF
3517,626,TMGR2
3518,626,TMGR0
3519,1780,TMTC6
3520,615,TNCP1
3521,615,TNCP2
3522,615,TNCP1
3523,615,TNCP2
3524,614,TNEP1
3525,614,TNEP2
3526,614,TNEP1
3527,614,TNEP2
3528,614,TNEP1
3529,614,TNEP2
3530,614,TNEP9
3531,614,TNEP0
3532,614,TNEP9
3533,1781,TNGL4
3534,624,TNLP1
3535,624,TNLP2
3536,624,TNLP1
3537,624,TNLP2
3538,624,TNLP1
3539,624,TNLP2
3540,624,TNLP1
3541,624,TNLP2
3542,624,TNLP1
3543,624,TNLP2
3544,624,TNLP1
3545,624,TNLP2
3546,624,TNLP1
3547,624,TNLP2
3548,624,TNLP0
3549,624,TNLP0
3550,1782,TNRY5
3551,1782,TNRY7
3552,1782,TNRY8
3553,1783,TOBA7
3554,643,TOTSF
3555,607,TOYB5
3556,607,TOYB6
3557,607,TOYB2
3558,607,TOYB2
3559,607,TOYB1
3560,607,TOYB2
3561,607,TOYB1
3562,607,TOYB2
3563,607,TOYB1
3564,607,TOYB2
3565,607,TOYB1
3566,607,TOYB2
3567,607,TOYB1
3568,607,TOYB1
3569,607,TOYBL
3570,607,TOYBF
3571,607,TOYB9
3572,607,TOYBL
3573,607,TOYBF
3574,607,TOYB9
3575,607,TOYB9
3576,607,TOYBF
3577,607,TOYBF
3578,607,TOYB9
3579,607,TOYB9
3580,1784,TPAN3
3581,638,TPEC3
3582,638,TPEC6
3583,638,TPEC7
3584,638,TPEC8
3585,638,TPEC2
3586,1785,TPIA7
3587,1786,TPIC7
3588,1786,TPIC8
3589,1787,TPRA7
3590,640,TPRC1
3591,640,TPRC2
3592,640,TPRC1
3593,1788,TQRY5
3594,1789,TRAS3
3595,1789,TRAS4
3596,1790,TRAX5
3597,1790,TRAX7
3598,647,TRBR3
3599,1791,TRCM3
3600,1791,TRCM4
3601,1792,TRDA3
3602,645,TRFO6
3603,645,TRFO1
3604,645,TRFO2
3605,645,TRFOF
3606,645,TRFO2
3607,645,TRFO1
3608,645,TRFO2
3609,645,TRFO1
3610,645,TRFO2
3611,645,TRFOF
3612,645,TRFO2
3613,645,TRFO9
3614,645,TRFO0
3615,645,TRFO9
3616,645,TRFO0
3617,645,TRFO9
3618,645,TRFOL
3619,1793,TRFR3
3620,1793,TRFR4
3621,1794,TRFT4
3622,265,TRIC5
3623,265,TRIC3
3624,1795,TRIT3
3625,629,TRJC3
3626,653,TRMB3
3627,1796,TRNA3
3628,1796,TRNA4
3629,1796,TRNA11
3630,648,TRPA3
3631,1797,TRPF5
3632,646,TRPL1
3633,646,TRPL1
3634,646,TRPL1
3635,646,TRPL1
3636,646,TRPLF
3637,646,TRPL9
3638,646,TRPLF
3639,1798,TRTX6
3640,1799,TRUF4
3641,616,TSEPF
3642,616,TSEPF
3643,616,TSEPT
3644,616,TSEPF
3645,616,TSEP1
3646,616,TSEP1
3647,616,TSEP1
3648,616,TSEP1
3649,616,TSEP9
3650,1800,TSPP3
3651,1800,TSPP4
3652,1800,TSPP1
3653,1800,TSPP2
3654,1800,TSPP1
3655,1800,TSPP2
3656,1800,TSPP1
3657,1800,TSPP2
3658,1800,TSPP1
3659,1800,TSPP9
3660,1800,TSPP0
3661,1800,TSPP9
3662,1800,TSPP0
3663,1800,TSPP9
3664,1800,TSPPF
3665,1800,TSPP9
3666,1801,TSSPL
3667,1802,TTNS5
3668,655,TUPY1
3669,1803,TXBZ5
3670,1804,TXNE5
3671,636,TXRX1
3672,636,TXRX2
3673,657,UBBRF
3674,657,UBBRF
3675,657,UBBRF
3676,658,UBHDL
3677,1805,UCAR3
3678,663,UCOPL
3679,656,UGPA2
3680,1806,UIRA4
3681,1807,UNMS4
3682,1808,URPG8
3683,1809,USGE3
3684,662,USIMF
3685,662,USIM4
3686,662,USIM0
3687,662,USIM0
3688,1810,UTFT3
3689,1811,VACH4
3690,664,VAGR1
3691,664,VAGR9
3692,665,VALE4
3693,665,VALE0
3694,665,VALE0
3696,665,VALE6
3697,665,VALE7
3698,665,VALE1
3699,665,VALE0
3701,665,VALE6
3702,665,VALE7
3703,665,VALE1
3704,665,VALE2
3706,665,VALE6
3707,665,VALE7
3708,665,VALE2
3709,665,VALE1
3710,665,VALE6
3711,665,VALE0
3712,665,VALE0
3713,665,VALE1
3714,665,VALE2
3716,665,VALE8
3717,665,VALE9
3718,665,VALE0
3719,665,VALE2
3720,665,VALE6
3721,665,VALE7
3722,665,VALE8
3724,665,VALE6
3725,665,VALE1
3726,665,VALE2
3728,292,VCPA3
3729,292,VCPA2
3730,1812,VDNP3
3731,1813,VDVL5
3732,1814,VECF3
3733,435,VEMG3
3734,1815,VEPL3
3735,1815,VEPL4
3736,1816,VGAF4
3737,1817,VIEN4
3738,678,VIVOL
3739,678,VIVO2
3740,678,VIVO1
3741,678,VIVO2
3742,678,VIVO1
3743,678,VIVO2
3744,678,VIVO1
3745,677,VIVRF
3746,677,VIVR1
3747,677,VIVR9
3748,1818,VIXT6
3749,1819,VLAR6
3750,1820,VLBL4
3751,1821,VLCA6
3752,1822,VLJK3
3753,1822,VLJK6
3754,1822,VLJK7
3755,1823,VLRA5
3756,1824,VNET3
3757,353,VRLM3
3758,1825,VTAM3
3759,1825,VTAM4
3760,679,VTEC3
3761,1826,VTRA4
3762,1827,VTVN4
3763,1828,WAYB3
3764,1828,WAYB4
3765,1829,WETX6
3766,1829,WETX4
3767,1830,WHMG7
3768,686,WHMT1
3769,686,WHMT9
3770,682,WMBY7
3771,682,WMBY5
3772,682,WMBYF
3773,1831,XILO5
3774,1832,XINU4
3775,1833,YAHOL
3776,1833,YAHO6
3777,1834,YOSH4
3778,1835,YPFLF
3779,1836,ZANI3
3780,1836,ZANI5
3781,1836,ZANI6
3782,691,ZIVI3
3783,1837,ZNTE6
3784,1837,ZNTE7
3785,464,BPAN3
3786,464,BPAN4
3787,464,BPAN12
3788,4,ABRE3
3789,1046,RLOG3
3790,1047,OFSA3
3791,1838,ENMT3
3792,1838,ENMT4
3793,1839,BBSD11
3794,335,MEAL3
3795,1840,OGSA3
3796,1841,RUMO3
3797,1842,MSRO3
3798,1843,PARC3
3799,327,PRIO3
3801,1848,SWET3
3802,1849,IDNT9
3803,1850,PDGR9
3804,4,SEDU3
3806,428,CRPG5
3808,428,CRPG3
3809,428,CRPG6
3810,3,ABCB10
3811,1854,ATOM3
3812,1855,ENGI15
3813,525,FRTA3
3814,1857,TIET11
3815,1857,TIET4
3816,1841,RUMO1
3817,1857,TIET3
3818,3,ABCB2
3819,109,BBDC2
3820,335,MEAL9
3821,527,RNEW12
3822,3,ABCB10
3823,441,DTEX1
3824,429,MILS9
3825,662,USIM11
3826,1864,DTEX9
3827,1046,RLOG9
3828,1866,USIM12
3829,514,RAPT2
3830,662,USIM1
3831,500,PFRM9
3832,1868,RAPT10
3833,1869,TRPL10
3834,1870,ALUP12
3835,1871,USIM9
3836,1872,VTLM3
3837,194,CSMG1
3838,1873,RAPT9
3839,1874,ENBR9
3840,1875,BTOW1
3841,354,JBDU2
3842,354,JBDU1
3843,166,CTIPW42
3844,1878,CCXC1
3845,1046,RLOG1
3846,3,ABCB2
3847,1881,GOAU11
3848,1882,VTLM1
3849,644,EGIE3
3850,1884,PRML1
3851,1885,ALUP9
3852,263,ENEV1
3853,1887,HTMX12B
3854,3,ABCB10
3855,1889,FRIO1
3856,1890,PATI2
3857,1857,TIET12
3858,1892,TCSA1
3859,1857,TIET1
3860,1857,TIET2
3861,1895,PRML9
3862,1896,FIIB12
3863,1897,FRIO9
3864,1898,BCRI12
3865,1899,ALSC1
3866,125,BPAC7
3867,1900,HBOR1
3868,521,REDE2
3869,521,REDE1
3870,1903,ALSC9
3871,1904,ENMT2
3872,1905,CNES12B
3873,1906,HBOR9
3874,1907,AALR3
3875,1908,LPSB1
3876,521,REDE10
3877,521,REDE9
3878,1911,TESA3
3879,1912,POMO2
3880,1913,BTTL1
3881,1914,BTTL2
3882,1915,POMO10
3883,191,CTAX1
3884,527,RNEW12
3885,3,ABCB2
3886,1919,ADHM3
3887,186,CGAS12
3888,1920,OGSA1
3889,1921,RAPT1
3890,1922,SWET1
3891,1923,TRPL2
3892,1924,MYPK1
3895,438,MULT1
3897,1926,EURO12
3898,1927,MOVI3
3899,500,PFRM1
3900,3,ABCB10
3901,1931,MULT9
3902,1932,PARD3
3903,1933,BBTG12
3904,1934,BPAC11
3905,349,ITSA1
3906,349,ITSA2
3907,1937,RAIL3
3908,500,PFRM9
3909,301,GFSA11
3910,1046,RLOG1
3911,1940,BTOW1
3912,1941,BCFF12B
3913,1942,BIOM1
3914,1943,TCSA1
3915,349,ITSA10
3916,349,ITSA9
3917,1946,AZUL4
3918,1947,BPHA11
3919,1948,BTOW9
3920,527,RNEW13
3921,1950,CGAS11
3922,1951,TCSA9
3923,1843,WIZS3
3924,1046,RLOG9
3925,354,JBDU1
3926,354,JBDU2
3927,1956,JFEN1
3928,527,RNEW9
3929,527,RNEW10
3930,1959,BBRK1
3931,1960,JFEN9
3932,1961,WLMM4
3933,1962,VRTA12
3935,1961,WLMM3
3936,3,ABCB2
3938,1965,BBRK9
3939,1966,CRFB3
3940,1967,GBIO33
3941,1969,IRBR3
3942,1968,OMGE3
3943,1970,CEEB1
3944,1971,FRIO1
3945,3,ABCB10
3946,1973,BMEB1
3947,2124,PPLA11
3948,2125,JFEN1
3949,2126,PATI2
3950,2127,FFCI12
3951,2128,SEER1
3952,2129,BMEB9
3953,2130,DMMO3
3954,1046,RLOG1
3955,2132,CAML3
3956,619,TELB2
3957,619,TELB1
3958,2135,DMMO1
3959,2136,HBOR1
3960,2137,SEER9
3961,2138,SMLS3
3962,1046,RLOG9
3963,2140,CMIG1
3964,2141,CMIG2
3965,2142,BPAN2
3966,2143,HBOR9
3967,542,SAPR11
3968,2145,CMIG10
3969,2146,CMIG9
3970,2147,FRTA1
3971,2148,BKBR3
3972,2149,BMIN1
3973,2150,GFSA1
3974,2151,LUPA11
3975,2152,TOYB2
3976,2153,TOYB1
3977,2154,ABCB2
3978,2155,BPAN10
3979,2156,PFRM1
3980,2157,GFSA9
3981,2158,JPSA4
3982,2159,ABCB10
3983,2160,PFRM9
3984,2161,JPSA3
3985,2162,JFEN9
3986,2163,BMIN9
3987,2164,ITSA1
3988,2165,ITSA2
3989,2166,LIQO3
3990,2167,PDGR1
3991,2168,VIVR1
3992,2169,VISC12
3993,2170,B3SA3
3994,2171,BIOM1
3995,2172,ITSA10
3996,2173,ITSA9
